deviceid,floorspaceid,headcount,timestamp,temperature,humidity,co2,hour,day_of_week,occupancy_lag_5min,occupancy_lag_10min,occupancy_lag_15min,occupancy_rolling_15min,co2_rolling_15min,temperature_rolling_15min
56923747,9f902aab,0,1/1/26 00:00,21.85,60.12,439.19,0,3,0,0,0,0,439.1858682,21.84567066
56923747,9f902aab,0,1/1/26 00:15,21.91,53.5,396.9,0,3,0,0,0,0,396.9,21.91
56923747,9f902aab,0,1/1/26 00:30,21.29,54.04,384.69,0,3,0,0,0,0,384.69,21.29
56923747,9f902aab,0,1/1/26 00:45,21.32,57.06,407.11,0,3,0,0,0,0,396.23,21.51
56923747,9f902aab,0,1/1/26 01:00,21.43,54.62,458.54,1,3,0,0,0,0,416.78,21.35
56923747,9f902aab,0,1/1/26 01:15,20.78,66.38,442.08,1,3,0,0,0,0,435.91,21.18
56923747,9f902aab,0,1/1/26 01:30,21.41,56.12,404.71,1,3,0,0,0,0,435.11,21.21
56923747,9f902aab,0,1/1/26 01:45,21.46,52.95,415.6,1,3,0,0,0,0,420.8,21.22
56923747,9f902aab,0,1/1/26 02:00,20.77,55.57,397.27,2,3,0,0,0,0,405.86,21.21
56923747,9f902aab,0,1/1/26 02:15,20.38,61.5,438.91,2,3,0,0,0,0,417.26,20.87
56923747,9f902aab,0,1/1/26 02:30,20.74,58.05,444.12,2,3,0,0,0,0,426.77,20.63
56923747,9f902aab,0,1/1/26 02:45,20.41,61.68,405.48,2,3,0,0,0,0,429.5,20.51
56923747,9f902aab,0,1/1/26 03:00,20.08,57.38,386.24,3,3,0,0,0,0,411.95,20.41
56923747,9f902aab,0,1/1/26 03:15,19.95,60.42,423,3,3,0,0,0,0,404.91,20.15
56923747,9f902aab,0,1/1/26 03:30,19.75,64.43,391.49,3,3,0,0,0,0,400.24,19.93
56923747,9f902aab,0,1/1/26 03:45,19.73,62.04,394.64,3,3,0,0,0,0,403.04,19.81
56923747,9f902aab,0,1/1/26 04:00,19.67,55.07,393.36,4,3,0,0,0,0,393.16,19.72
56923747,9f902aab,0,1/1/26 04:15,19.99,61.46,387.54,4,3,0,0,0,0,391.85,19.8
56923747,9f902aab,0,1/1/26 04:30,19.25,65.31,412.82,4,3,0,0,0,0,397.91,19.64
56923747,9f902aab,0,1/1/26 04:45,18.83,60.28,395.94,4,3,0,0,0,0,398.77,19.36
56923747,9f902aab,0,1/1/26 05:00,18.58,63.57,381.88,5,3,0,0,0,0,396.88,18.89
56923747,9f902aab,0,1/1/26 05:15,18.46,61.51,382.97,5,3,0,0,0,0,386.93,18.62
56923747,9f902aab,0,1/1/26 05:30,18.89,57.95,395.64,5,3,0,0,0,0,386.83,18.64
56923747,9f902aab,0,1/1/26 05:45,18.97,66.48,369.34,5,3,0,0,0,0,382.65,18.77
56923747,9f902aab,0,1/1/26 06:00,18.4,64.67,411.19,6,3,0,0,0,0,392.06,18.75
56923747,9f902aab,0,1/1/26 06:15,17.97,61.5,406.41,6,3,0,0,0,0,395.65,18.45
56923747,9f902aab,0,1/1/26 06:30,18.09,66.05,413.51,6,3,0,0,0,0,410.37,18.15
56923747,9f902aab,0,1/1/26 06:45,18.1,64.51,398.53,6,3,0,0,0,0,406.15,18.05
56923747,9f902aab,3,1/1/26 07:00,18.51,60.5,513.08,7,3,1,0,0,0.333,441.71,18.23
56923747,9f902aab,6,1/1/26 07:15,18.72,63.9,510.8,7,3,1,1,0,0.667,474.14,18.44
56923747,9f902aab,0,1/1/26 07:30,18.16,66.14,487.34,7,3,0,1,1,0.667,503.74,18.46
56923747,9f902aab,0,1/1/26 07:45,18.28,60.84,353.5,7,3,0,0,1,0.333,450.55,18.39
56923747,9f902aab,2,1/1/26 08:00,18.24,61.72,485.65,8,3,1,0,0,0.333,442.16,18.23
56923747,9f902aab,0,1/1/26 08:15,18.55,57.54,398.68,8,3,0,1,0,0.333,412.61,18.36
56923747,9f902aab,5,1/1/26 08:30,18.37,65.04,483.71,8,3,1,0,1,0.667,456.01,18.39
56923747,9f902aab,4,1/1/26 08:45,18.96,67.23,547.1,8,3,1,1,0,0.667,476.5,18.63
56923747,9f902aab,2,1/1/26 09:00,18.76,65.05,501.94,9,3,1,1,1,1,510.92,18.7
56923747,9f902aab,0,1/1/26 09:15,18.05,65.71,383.22,9,3,0,1,1,0.667,477.42,18.59
56923747,9f902aab,6,1/1/26 09:30,18.74,65.39,554.05,9,3,1,0,1,0.667,479.74,18.52
56923747,9f902aab,4,1/1/26 09:45,18.49,64.74,515.53,9,3,1,1,0,0.667,484.27,18.43
56923747,9f902aab,6,1/1/26 10:00,18.92,63.93,530.91,10,3,1,1,1,1,533.5,18.72
56923747,9f902aab,8,1/1/26 10:15,19,56.4,604.25,10,3,1,1,1,1,550.23,18.8
56923747,9f902aab,6,1/1/26 10:30,18.97,62.79,569.59,10,3,1,1,1,1,568.25,18.96
56923747,9f902aab,8,1/1/26 10:45,18.5,57.37,551.86,10,3,1,1,1,1,575.23,18.82
56923747,9f902aab,4,1/1/26 11:00,19.58,61.95,504.8,11,3,1,1,1,1,542.08,19.02
56923747,9f902aab,11,1/1/26 11:15,19.5,57.14,615.62,11,3,1,1,1,1,557.43,19.19
56923747,9f902aab,8,1/1/26 11:30,18.91,64.67,606.45,11,3,1,1,1,1,575.62,19.33
56923747,9f902aab,8,1/1/26 11:45,19.57,61.04,592.15,11,3,1,1,1,1,604.74,19.33
56923747,9f902aab,3,1/1/26 12:00,19.62,57.64,542.19,12,3,1,1,1,1,580.26,19.37
56923747,9f902aab,3,1/1/26 12:15,19.41,61.64,472.93,12,3,1,1,1,1,535.76,19.53
56923747,9f902aab,6,1/1/26 12:30,19.46,63.89,535.3,12,3,1,1,1,1,516.81,19.5
56923747,9f902aab,2,1/1/26 12:45,19.38,59.23,511.23,12,3,1,1,1,1,506.49,19.42
56923747,9f902aab,2,1/1/26 13:00,20.41,61.74,575.5,13,3,1,1,1,1,540.68,19.75
56923747,9f902aab,1,1/1/26 13:15,20.07,59.98,496.99,13,3,1,1,1,1,527.91,19.95
56923747,9f902aab,5,1/1/26 13:30,20.34,57.17,572.03,13,3,1,1,1,1,548.17,20.27
56923747,9f902aab,0,1/1/26 13:45,20.09,59.57,397.49,13,3,0,1,1,0.667,488.84,20.17
56923747,9f902aab,8,1/1/26 14:00,20.78,59.77,589.92,14,3,1,0,1,0.667,519.81,20.4
56923747,9f902aab,5,1/1/26 14:15,20.85,59.5,590.87,14,3,1,1,0,0.667,526.09,20.57
56923747,9f902aab,10,1/1/26 14:30,20.78,53.62,643.59,14,3,1,1,1,1,608.13,20.8
56923747,9f902aab,4,1/1/26 14:45,20.92,62.22,565.05,14,3,1,1,1,1,599.84,20.85
56923747,9f902aab,7,1/1/26 15:00,21.41,51.13,628.61,15,3,1,1,1,1,612.42,21.04
56923747,9f902aab,7,1/1/26 15:15,22.34,59.8,624.85,15,3,1,1,1,1,606.17,21.56
56923747,9f902aab,8,1/1/26 15:30,21.78,58.76,586.64,15,3,1,1,1,1,613.37,21.84
56923747,9f902aab,6,1/1/26 15:45,21.57,47.99,579.86,15,3,1,1,1,1,597.12,21.9
56923747,9f902aab,7,1/1/26 16:00,21.82,63.16,568.3,16,3,1,1,1,1,578.27,21.72
56923747,9f902aab,5,1/1/26 16:15,22.48,56.31,542.82,16,3,1,1,1,1,563.66,21.96
56923747,9f902aab,3,1/1/26 16:30,22.53,53.97,552.72,16,3,1,1,1,1,554.61,22.28
56923747,9f902aab,0,1/1/26 16:45,21.64,56.61,452.3,16,3,0,1,1,0.667,515.95,22.22
56923747,9f902aab,0,1/1/26 17:00,21.99,56.01,417.7,17,3,0,0,1,0.333,474.24,22.05
56923747,9f902aab,8,1/1/26 17:15,22.25,54.27,636.56,17,3,1,0,0,0.333,502.19,21.96
56923747,9f902aab,6,1/1/26 17:30,22.87,47.94,602.77,17,3,1,1,0,0.667,552.34,22.37
56923747,9f902aab,5,1/1/26 17:45,23.14,53.71,560.83,17,3,1,1,1,1,600.05,22.75
56923747,9f902aab,0,1/1/26 18:00,22.43,51.01,476.34,18,3,0,1,1,0.667,546.65,22.81
56923747,9f902aab,0,1/1/26 18:15,23.12,54.03,492.02,18,3,1,0,1,0.667,509.73,22.9
56923747,9f902aab,2,1/1/26 18:30,22.85,50.98,595.31,18,3,1,1,0,0.667,521.22,22.8
56923747,9f902aab,0,1/1/26 18:45,22.94,50.46,443.81,18,3,0,1,1,0.667,510.38,22.97
56923747,9f902aab,0,1/1/26 19:00,22.85,54.02,464.24,19,3,0,0,1,0.333,501.12,22.88
56923747,9f902aab,3,1/1/26 19:15,22.82,55.41,562.32,19,3,1,0,0,0.333,490.12,22.87
56923747,9f902aab,0,1/1/26 19:30,23.12,50.81,471.14,19,3,0,1,0,0.333,499.23,22.93
56923747,9f902aab,3,1/1/26 19:45,23.22,53.18,510.74,19,3,1,0,1,0.667,514.73,23.05
56923747,9f902aab,0,1/1/26 20:00,23.18,52.31,472.62,20,3,0,1,0,0.333,484.83,23.17
56923747,9f902aab,0,1/1/26 20:15,22.79,59.91,436.91,20,3,0,0,1,0.333,473.42,23.06
56923747,9f902aab,0,1/1/26 20:30,22.84,51.99,425.86,20,3,0,0,0,0,445.13,22.94
56923747,9f902aab,0,1/1/26 20:45,22.64,56.36,440.63,20,3,0,0,0,0,434.47,22.76
56923747,9f902aab,0,1/1/26 21:00,23.4,49.58,427.94,21,3,0,0,0,0,431.48,22.96
56923747,9f902aab,0,1/1/26 21:15,23.27,50.7,411.87,21,3,0,0,0,0,426.81,23.1
56923747,9f902aab,0,1/1/26 21:30,22.8,53.6,403.32,21,3,0,0,0,0,414.38,23.16
56923747,9f902aab,0,1/1/26 21:45,22.8,54.63,468.3,21,3,0,0,0,0,427.83,22.96
56923747,9f902aab,0,1/1/26 22:00,22.29,54.18,479.86,22,3,0,0,0,0,450.49,22.63
56923747,9f902aab,0,1/1/26 22:15,22.73,42.73,413.24,22,3,0,0,0,0,453.8,22.61
56923747,9f902aab,0,1/1/26 22:30,22.33,55.94,426.02,22,3,0,0,0,0,439.71,22.45
56923747,9f902aab,0,1/1/26 22:45,22.82,55.98,473.29,22,3,0,0,0,0,437.52,22.63
56923747,9f902aab,0,1/1/26 23:00,22.02,56.06,417.93,23,3,0,0,0,0,439.08,22.39
56923747,9f902aab,0,1/1/26 23:15,21.82,51.37,446.42,23,3,0,0,0,0,445.88,22.22
56923747,9f902aab,0,1/1/26 23:30,22.33,55.78,428.96,23,3,0,0,0,0,431.1,22.06
56923747,9f902aab,0,1/1/26 23:45,22.39,57.25,402.1,23,3,0,0,0,0,425.83,22.18
56923747,9f902aab,4,1/2/26 00:00,21.69,60.46,538.36,0,4,1,0,0,0.333,456.47,22.14
56923747,9f902aab,0,1/2/26 00:15,21.7,52.69,437.71,0,4,0,1,0,0.333,459.39,21.93
56923747,9f902aab,0,1/2/26 00:30,22.01,54.3,391.33,0,4,0,0,1,0.333,455.8,21.8
56923747,9f902aab,0,1/2/26 00:45,21.54,58.84,414.84,0,4,0,0,0,0,414.63,21.75
56923747,9f902aab,0,1/2/26 01:00,21.08,57.06,440.17,1,4,0,0,0,0,415.45,21.54
56923747,9f902aab,0,1/2/26 01:15,21.36,58.52,445.46,1,4,0,0,0,0,433.49,21.33
56923747,9f902aab,0,1/2/26 01:30,21.36,53.51,410.99,1,4,0,0,0,0,432.21,21.27
56923747,9f902aab,0,1/2/26 01:45,21.05,57.75,395.21,1,4,0,0,0,0,417.22,21.26
56923747,9f902aab,0,1/2/26 02:00,20.33,57.81,424.4,2,4,1,0,0,0.333,410.2,20.91
56923747,9f902aab,1,1/2/26 02:15,21.04,57.38,466.04,2,4,1,1,0,0.667,428.55,20.81
56923747,9f902aab,0,1/2/26 02:30,20.51,55.72,397.97,2,4,0,1,1,0.667,429.47,20.63
56923747,9f902aab,0,1/2/26 02:45,20.67,59.15,385.04,2,4,0,0,1,0.333,416.35,20.74
56923747,9f902aab,0,1/2/26 03:00,19.96,62.78,414.67,3,4,0,0,0,0,399.23,20.38
56923747,9f902aab,0,1/2/26 03:15,19.91,61.42,453.35,3,4,0,0,0,0,417.69,20.18
56923747,9f902aab,0,1/2/26 03:30,19.69,60.69,452.34,3,4,0,0,0,0,440.12,19.85
56923747,9f902aab,0,1/2/26 03:45,19.89,58.77,404.08,3,4,0,0,0,0,436.59,19.83
56923747,9f902aab,0,1/2/26 04:00,19.22,60.51,433.37,4,4,0,0,0,0,429.93,19.6
56923747,9f902aab,0,1/2/26 04:15,19.56,60.77,438.54,4,4,0,0,0,0,425.33,19.56
56923747,9f902aab,0,1/2/26 04:30,18.78,64.66,362.67,4,4,0,0,0,0,411.53,19.19
56923747,9f902aab,0,1/2/26 04:45,19.04,60.74,377.23,4,4,0,0,0,0,392.81,19.13
56923747,9f902aab,0,1/2/26 05:00,18.72,65.52,319.81,5,4,0,0,0,0,353.24,18.85
56923747,9f902aab,0,1/2/26 05:15,18.4,66.43,359.88,5,4,0,0,0,0,352.31,18.72
56923747,9f902aab,0,1/2/26 05:30,18.65,63.6,358.95,5,4,0,0,0,0,346.21,18.59
56923747,9f902aab,0,1/2/26 05:45,18.6,60.98,404.04,5,4,0,0,0,0,374.29,18.55
56923747,9f902aab,0,1/2/26 06:00,18.7,64.39,400.75,6,4,0,0,0,0,387.91,18.65
56923747,9f902aab,0,1/2/26 06:15,18.28,64.46,372.81,6,4,0,0,0,0,392.53,18.53
56923747,9f902aab,0,1/2/26 06:30,18.31,62.46,390.23,6,4,0,0,0,0,387.93,18.43
56923747,9f902aab,0,1/2/26 06:45,18.47,66.82,317.59,6,4,0,0,0,0,360.21,18.35
56923747,9f902aab,6,1/2/26 07:00,18.17,67.18,543.41,7,4,1,0,0,0.333,417.08,18.32
56923747,9f902aab,0,1/2/26 07:15,18.29,69.19,362.36,7,4,0,1,0,0.333,407.79,18.31
56923747,9f902aab,0,1/2/26 07:30,18.18,65.56,426.9,7,4,0,0,1,0.333,444.22,18.21
56923747,9f902aab,0,1/2/26 07:45,17.81,67.28,408.55,7,4,0,0,0,0,399.27,18.09
56923747,9f902aab,0,1/2/26 08:00,18.44,60.62,438.02,8,4,1,0,0,0.333,424.49,18.14
56923747,9f902aab,6,1/2/26 08:15,18.22,63.09,533.52,8,4,1,1,0,0.667,460.03,18.16
56923747,9f902aab,0,1/2/26 08:30,18.26,63.6,403.82,8,4,0,1,1,0.667,458.45,18.31
56923747,9f902aab,5,1/2/26 08:45,18.32,68.75,543.35,8,4,1,0,1,0.667,493.56,18.27
56923747,9f902aab,0,1/2/26 09:00,17.68,66.27,375.36,9,4,0,1,0,0.333,440.84,18.09
56923747,9f902aab,7,1/2/26 09:15,18.46,59.64,592.53,9,4,1,0,1,0.667,503.75,18.15
56923747,9f902aab,0,1/2/26 09:30,18.17,71.25,367.84,9,4,0,1,0,0.333,445.24,18.1
56923747,9f902aab,3,1/2/26 09:45,18.62,61.77,474.54,9,4,1,0,1,0.667,478.3,18.42
56923747,9f902aab,6,1/2/26 10:00,18.57,61.83,519.63,10,4,1,1,0,0.667,454,18.45
56923747,9f902aab,10,1/2/26 10:15,18.95,62.93,567.98,10,4,1,1,1,1,520.72,18.71
56923747,9f902aab,10,1/2/26 10:30,18.37,62.49,594.04,10,4,1,1,1,1,560.55,18.63
56923747,9f902aab,9,1/2/26 10:45,18.89,61.47,604.16,10,4,1,1,1,1,588.73,18.74
56923747,9f902aab,9,1/2/26 11:00,19.13,61.06,557.43,11,4,1,1,1,1,585.21,18.8
56923747,9f902aab,0,1/2/26 11:15,18.89,57.36,396.07,11,4,0,1,1,0.667,519.22,18.97
56923747,9f902aab,5,1/2/26 11:30,18.89,63.21,533.81,11,4,1,0,1,0.667,495.77,18.97
56923747,9f902aab,6,1/2/26 11:45,19.04,54.73,575.59,11,4,1,1,0,0.667,501.82,18.94
56923747,9f902aab,5,1/2/26 12:00,19.3,60.11,559.8,12,4,1,1,1,1,556.4,19.08
56923747,9f902aab,5,1/2/26 12:15,19.82,63.95,528.43,12,4,1,1,1,1,554.61,19.39
56923747,9f902aab,6,1/2/26 12:30,19.96,62.32,567.48,12,4,1,1,1,1,551.9,19.69
56923747,9f902aab,2,1/2/26 12:45,20.17,57.18,552.47,12,4,1,1,1,1,549.46,19.98
56923747,9f902aab,3,1/2/26 13:00,20.12,62.68,518.84,13,4,1,1,1,1,546.26,20.08
56923747,9f902aab,0,1/2/26 13:15,20.22,57.52,450.96,13,4,0,1,1,0.667,507.42,20.17
56923747,9f902aab,0,1/2/26 13:30,20.03,58.83,406.78,13,4,0,0,1,0.333,458.86,20.12
56923747,9f902aab,0,1/2/26 13:45,19.27,61.16,420.84,13,4,0,0,0,0,426.19,19.84
56923747,9f902aab,0,1/2/26 14:00,20.58,58.05,442.06,14,4,0,0,0,0,423.23,19.96
56923747,9f902aab,6,1/2/26 14:15,21.12,58.4,558.72,14,4,1,0,0,0.333,473.87,20.32
56923747,9f902aab,9,1/2/26 14:30,21.12,56.58,583.74,14,4,1,1,0,0.667,528.17,20.94
56923747,9f902aab,3,1/2/26 14:45,21.33,54.31,561.21,14,4,1,1,1,1,567.89,21.19
56923747,9f902aab,0,1/2/26 15:00,21.04,54.96,388.86,15,4,0,1,1,0.667,511.27,21.16
56923747,9f902aab,3,1/2/26 15:15,21.98,53.38,615.17,15,4,1,0,1,0.667,521.75,21.45
56923747,9f902aab,6,1/2/26 15:30,22.11,58.07,564.98,15,4,1,1,0,0.667,523,21.71
56923747,9f902aab,7,1/2/26 15:45,21.49,61.86,564.3,15,4,1,1,1,1,581.48,21.86
56923747,9f902aab,4,1/2/26 16:00,22.48,54.23,521.77,16,4,1,1,1,1,550.35,22.03
56923747,9f902aab,0,1/2/26 16:15,21.69,57.31,432.66,16,4,0,1,1,0.667,506.24,21.89
56923747,9f902aab,8,1/2/26 16:30,22.68,53,600.89,16,4,1,0,1,0.667,518.44,22.28
56923747,9f902aab,4,1/2/26 16:45,21.87,55.62,537.71,16,4,1,1,0,0.667,523.75,22.08
56923747,9f902aab,0,1/2/26 17:00,22.42,53.61,433.88,17,4,0,1,1,0.667,524.16,22.32
56923747,9f902aab,6,1/2/26 17:15,22.84,54.8,577.74,17,4,1,0,1,0.667,516.44,22.38
56923747,9f902aab,8,1/2/26 17:30,22.71,58.53,583.12,17,4,1,1,0,0.667,531.58,22.66
56923747,9f902aab,6,1/2/26 17:45,22.65,52.29,601.76,17,4,1,1,1,1,587.54,22.73
56923747,9f902aab,0,1/2/26 18:00,22.64,50.48,449.87,18,4,0,1,1,0.667,544.92,22.67
56923747,9f902aab,0,1/2/26 18:15,22.73,58.81,477,18,4,0,0,1,0.333,509.54,22.67
56923747,9f902aab,0,1/2/26 18:30,22.7,51.32,475.75,18,4,0,0,0,0,467.54,22.69
56923747,9f902aab,5,1/2/26 18:45,22.94,53.21,586.03,18,4,1,0,0,0.333,512.93,22.79
56923747,9f902aab,0,1/2/26 19:00,23.04,48.82,442.6,19,4,0,1,0,0.333,501.46,22.89
56923747,9f902aab,0,1/2/26 19:15,22.98,53.13,440.15,19,4,0,0,1,0.333,489.59,22.99
56923747,9f902aab,0,1/2/26 19:30,23.31,50.81,400.1,19,4,0,0,0,0,427.62,23.11
56923747,9f902aab,2,1/2/26 19:45,23.61,49.27,538.71,19,4,1,0,0,0.333,459.65,23.3
56923747,9f902aab,0,1/2/26 20:00,23.46,51.05,476.61,20,4,0,1,0,0.333,471.81,23.46
56923747,9f902aab,0,1/2/26 20:15,23.36,50.4,459.09,20,4,0,0,1,0.333,491.47,23.48
56923747,9f902aab,0,1/2/26 20:30,23.58,54.13,413.06,20,4,0,0,0,0,449.59,23.47
56923747,9f902aab,0,1/2/26 20:45,23.33,52.49,462.24,20,4,0,0,0,0,444.8,23.42
56923747,9f902aab,0,1/2/26 21:00,22.23,47.9,462.4,21,4,0,0,0,0,445.9,23.05
56923747,9f902aab,0,1/2/26 21:15,23.04,53.94,434.72,21,4,0,0,0,0,453.12,22.87
56923747,9f902aab,0,1/2/26 21:30,23.24,53.88,431.55,21,4,0,0,0,0,442.89,22.84
56923747,9f902aab,0,1/2/26 21:45,22.94,52.59,433.63,21,4,0,0,0,0,433.3,23.07
56923747,9f902aab,0,1/2/26 22:00,22.34,55.42,457.48,22,4,0,0,0,0,440.89,22.84
56923747,9f902aab,3,1/2/26 22:15,22.87,50.04,550.96,22,4,1,0,0,0.333,480.69,22.72
56923747,9f902aab,0,1/2/26 22:30,23.47,49.36,389.23,22,4,0,1,0,0.333,465.89,22.89
56923747,9f902aab,0,1/2/26 22:45,22.95,56.29,478.74,22,4,0,0,1,0.333,472.98,23.1
56923747,9f902aab,0,1/2/26 23:00,22.28,60.82,423.37,23,4,0,0,0,0,430.45,22.9
56923747,9f902aab,1,1/2/26 23:15,22.7,51.41,516.84,23,4,1,0,0,0.333,472.98,22.64
56923747,9f902aab,0,1/2/26 23:30,21.65,51.37,446.77,23,4,0,1,0,0.333,462.33,22.21
56923747,9f902aab,0,1/2/26 23:45,22.04,56.34,496.04,23,4,0,0,1,0.333,486.55,22.13
56923747,9f902aab,0,1/3/26 00:00,21.69,54.81,400.1,0,5,0,0,0,0,447.64,21.79
56923747,9f902aab,0,1/3/26 00:15,21.73,54.47,403.68,0,5,0,0,0,0,433.27,21.82
56923747,9f902aab,0,1/3/26 00:30,21.7,51.02,442.38,0,5,0,0,0,0,415.39,21.71
56923747,9f902aab,0,1/3/26 00:45,21.57,55.28,397.72,0,5,0,0,0,0,414.59,21.67
56923747,9f902aab,0,1/3/26 01:00,20.85,59.41,408.03,1,5,0,0,0,0,416.04,21.37
56923747,9f902aab,4,1/3/26 01:15,21.03,57.61,513.62,1,5,1,0,0,0.333,439.79,21.15
56923747,9f902aab,0,1/3/26 01:30,20.58,52.67,430.55,1,5,0,1,0,0.333,450.73,20.82
56923747,9f902aab,0,1/3/26 01:45,21.4,52.92,435.21,1,5,0,0,1,0.333,459.79,21
56923747,9f902aab,0,1/3/26 02:00,20.42,53.48,387.67,2,5,0,0,0,0,417.81,20.8
56923747,9f902aab,0,1/3/26 02:15,20.73,54.89,394.73,2,5,0,0,0,0,405.87,20.85
56923747,9f902aab,0,1/3/26 02:30,20.73,58.31,400.97,2,5,0,0,0,0,394.46,20.63
56923747,9f902aab,0,1/3/26 02:45,20.29,62.18,445.39,2,5,0,0,0,0,413.7,20.58
56923747,9f902aab,0,1/3/26 03:00,19.94,60.02,370.12,3,5,0,0,0,0,405.49,20.32
56923747,9f902aab,0,1/3/26 03:15,20.38,55.77,469.74,3,5,1,0,0,0.333,428.42,20.2
56923747,9f902aab,1,1/3/26 03:30,20.16,60.31,511.38,3,5,1,1,0,0.667,450.41,20.16
56923747,9f902aab,0,1/3/26 03:45,19.41,57.9,402.36,3,5,0,1,1,0.667,461.16,19.98
56923747,9f902aab,0,1/3/26 04:00,19.4,58.31,372.18,4,5,0,0,1,0.333,428.64,19.66
56923747,9f902aab,0,1/3/26 04:15,18.99,56.59,412.72,4,5,0,0,0,0,395.75,19.27
56923747,9f902aab,0,1/3/26 04:30,18.97,63.44,416.51,4,5,0,0,0,0,400.47,19.12
56923747,9f902aab,1,1/3/26 04:45,19.27,62.59,495.71,4,5,1,0,0,0.333,441.65,19.08
56923747,9f902aab,0,1/3/26 05:00,18.82,64.82,381.78,5,5,0,1,0,0.333,431.33,19.02
56923747,9f902aab,0,1/3/26 05:15,18.85,57.56,422.57,5,5,0,0,1,0.333,433.35,18.98
56923747,9f902aab,0,1/3/26 05:30,19.14,70.29,384.28,5,5,0,0,0,0,396.21,18.94
56923747,9f902aab,0,1/3/26 05:45,19.18,61.46,387.24,5,5,0,0,0,0,398.03,19.06
56923747,9f902aab,0,1/3/26 06:00,18.64,65.38,394.87,6,5,0,0,0,0,388.8,18.99
56923747,9f902aab,0,1/3/26 06:15,18.62,62.22,371.32,6,5,0,0,0,0,384.48,18.81
56923747,9f902aab,0,1/3/26 06:30,18.13,67.54,402.83,6,5,0,0,0,0,389.67,18.46
56923747,9f902aab,0,1/3/26 06:45,18.49,65.04,375.15,6,5,0,0,0,0,383.1,18.41
56923747,9f902aab,0,1/3/26 07:00,18.22,64.37,368.98,7,5,0,0,0,0,382.32,18.28
56923747,9f902aab,0,1/3/26 07:15,18.04,65.22,387.65,7,5,0,0,0,0,377.26,18.25
56923747,9f902aab,0,1/3/26 07:30,18.15,68.99,391.1,7,5,0,0,0,0,382.58,18.14
56923747,9f902aab,0,1/3/26 07:45,17.87,63.01,367.52,7,5,0,0,0,0,382.09,18.02
56923747,9f902aab,0,1/3/26 08:00,17.94,60.52,390.71,8,5,0,0,0,0,383.11,17.99
56923747,9f902aab,0,1/3/26 08:15,18.36,55.04,398.62,8,5,0,0,0,0,385.62,18.06
56923747,9f902aab,0,1/3/26 08:30,17.85,67.9,408.01,8,5,0,0,0,0,399.11,18.05
56923747,9f902aab,0,1/3/26 08:45,18.02,64.87,349.79,8,5,0,0,0,0,385.47,18.08
56923747,9f902aab,0,1/3/26 09:00,18.13,62.79,399.17,9,5,0,0,0,0,385.66,18
56923747,9f902aab,0,1/3/26 09:15,18.42,59.91,378.31,9,5,0,0,0,0,375.76,18.19
56923747,9f902aab,0,1/3/26 09:30,18.37,65.25,396.21,9,5,0,0,0,0,391.23,18.31
56923747,9f902aab,0,1/3/26 09:45,18.04,66.45,378.38,9,5,0,0,0,0,384.3,18.28
56923747,9f902aab,2,1/3/26 10:00,19.05,63.59,501.88,10,5,1,0,0,0.333,425.49,18.49
56923747,9f902aab,0,1/3/26 10:15,18.24,66.27,376.53,10,5,0,1,0,0.333,418.93,18.44
56923747,9f902aab,0,1/3/26 10:30,18.01,62.74,394.55,10,5,0,0,1,0.333,424.32,18.43
56923747,9f902aab,4,1/3/26 10:45,18.32,58.96,527.98,10,5,1,0,0,0.333,433.02,18.19
56923747,9f902aab,0,1/3/26 11:00,17.94,72.39,431.85,11,5,0,1,0,0.333,451.46,18.09
56923747,9f902aab,0,1/3/26 11:15,18.9,65.92,394.15,11,5,0,0,1,0.333,451.33,18.39
56923747,9f902aab,0,1/3/26 11:30,19.19,64.97,473.68,11,5,1,0,0,0.333,433.23,18.68
56923747,9f902aab,0,1/3/26 11:45,18.75,65.14,429.16,11,5,0,1,0,0.333,432.33,18.95
56923747,9f902aab,3,1/3/26 12:00,19.6,61.07,535.77,12,5,1,0,1,0.667,479.54,19.18
56923747,9f902aab,0,1/3/26 12:15,19.15,63.29,455.32,12,5,0,1,0,0.333,473.42,19.17
56923747,9f902aab,0,1/3/26 12:30,19.72,58.26,388.56,12,5,0,0,1,0.333,459.88,19.49
56923747,9f902aab,1,1/3/26 12:45,19.84,57.9,562.24,12,5,1,0,0,0.333,468.71,19.57
56923747,9f902aab,0,1/3/26 13:00,19.37,61.02,418.83,13,5,0,1,0,0.333,456.54,19.64
56923747,9f902aab,1,1/3/26 13:15,20.71,59.56,527.04,13,5,1,0,1,0.667,502.7,19.97
56923747,9f902aab,0,1/3/26 13:30,19.99,57.87,431.69,13,5,0,1,0,0.333,459.19,20.02
56923747,9f902aab,0,1/3/26 13:45,19.68,62.08,428.24,13,5,0,0,1,0.333,462.32,20.13
56923747,9f902aab,3,1/3/26 14:00,20.84,57.87,584.06,14,5,1,0,0,0.333,481.33,20.17
56923747,9f902aab,0,1/3/26 14:15,20.68,59.71,452.85,14,5,0,1,0,0.333,488.38,20.4
56923747,9f902aab,0,1/3/26 14:30,20.35,58.04,418.81,14,5,0,0,1,0.333,485.24,20.62
56923747,9f902aab,6,1/3/26 14:45,21.3,50.85,597.31,14,5,1,0,0,0.333,489.66,20.78
56923747,9f902aab,0,1/3/26 15:00,21.56,56.75,516.48,15,5,1,1,0,0.667,510.87,21.07
56923747,9f902aab,0,1/3/26 15:15,20.68,55.89,465.16,15,5,0,1,1,0.667,526.32,21.18
56923747,9f902aab,3,1/3/26 15:30,21.43,59.1,540.69,15,5,1,0,1,0.667,507.44,21.22
56923747,9f902aab,0,1/3/26 15:45,21.36,57.91,451.32,15,5,0,1,0,0.333,485.72,21.16
56923747,9f902aab,4,1/3/26 16:00,22.51,54.77,553.8,16,5,1,0,1,0.667,515.27,21.77
56923747,9f902aab,1,1/3/26 16:15,21.84,57.43,507.26,16,5,1,1,0,0.667,504.13,21.9
56923747,9f902aab,0,1/3/26 16:30,21.39,55.13,457.53,16,5,0,1,1,0.667,506.2,21.91
56923747,9f902aab,0,1/3/26 16:45,22.18,52.76,451.7,16,5,0,0,1,0.333,472.16,21.8
56923747,9f902aab,0,1/3/26 17:00,22.1,56.71,411.4,17,5,0,0,0,0,440.21,21.89
56923747,9f902aab,0,1/3/26 17:15,22.34,47.22,452.9,17,5,0,0,0,0,438.67,22.21
56923747,9f902aab,0,1/3/26 17:30,22.55,56.15,433.55,17,5,0,0,0,0,432.62,22.33
56923747,9f902aab,0,1/3/26 17:45,22.5,55.65,451.18,17,5,0,0,0,0,445.88,22.46
56923747,9f902aab,0,1/3/26 18:00,22.92,52.52,461.37,18,5,0,0,0,0,448.7,22.66
56923747,9f902aab,0,1/3/26 18:15,23.06,52.37,433.49,18,5,0,0,0,0,448.68,22.83
56923747,9f902aab,0,1/3/26 18:30,22.99,49.16,424.7,18,5,0,0,0,0,439.85,22.99
56923747,9f902aab,0,1/3/26 18:45,22.74,53.35,434.01,18,5,0,0,0,0,430.73,22.93
56923747,9f902aab,0,1/3/26 19:00,22.46,51.96,487.32,19,5,0,0,0,0,448.68,22.73
56923747,9f902aab,0,1/3/26 19:15,22.4,52.7,444.89,19,5,0,0,0,0,455.41,22.53
56923747,9f902aab,0,1/3/26 19:30,23.35,56.19,436.61,19,5,0,0,0,0,456.27,22.74
56923747,9f902aab,0,1/3/26 19:45,22.41,54.06,430.02,19,5,0,0,0,0,437.17,22.72
56923747,9f902aab,0,1/3/26 20:00,22.72,51.26,488.52,20,5,0,0,0,0,451.72,22.83
56923747,9f902aab,0,1/3/26 20:15,22.8,50.23,420.88,20,5,0,0,0,0,446.47,22.64
56923747,9f902aab,1,1/3/26 20:30,23.45,51.96,515.66,20,5,1,0,0,0.333,475.02,22.99
56923747,9f902aab,0,1/3/26 20:45,22.66,48.64,469.13,20,5,0,1,0,0.333,468.56,22.97
56923747,9f902aab,0,1/3/26 21:00,23,55.65,470.45,21,5,0,0,1,0.333,485.08,23.04
56923747,9f902aab,0,1/3/26 21:15,23.07,52,453.65,21,5,0,0,0,0,464.41,22.91
56923747,9f902aab,2,1/3/26 21:30,23.26,50.53,501.05,21,5,1,0,0,0.333,475.05,23.11
56923747,9f902aab,0,1/3/26 21:45,23.3,50.24,447.8,21,5,0,1,0,0.333,467.5,23.21
56923747,9f902aab,0,1/3/26 22:00,22.46,58.97,427.48,22,5,0,0,1,0.333,458.78,23.01
56923747,9f902aab,0,1/3/26 22:15,22.8,53.23,453.57,22,5,0,0,0,0,442.95,22.85
56923747,9f902aab,0,1/3/26 22:30,22.93,52.12,419.51,22,5,0,0,0,0,433.52,22.73
56923747,9f902aab,0,1/3/26 22:45,22.25,57.69,451.03,22,5,0,0,0,0,441.37,22.66
56923747,9f902aab,0,1/3/26 23:00,21.96,61.07,408.6,23,5,0,0,0,0,426.38,22.38
56923747,9f902aab,0,1/3/26 23:15,22.14,52.59,507.87,23,5,1,0,0,0.333,455.83,22.12
56923747,9f902aab,0,1/3/26 23:30,22.7,51.15,415.46,23,5,0,1,0,0.333,443.98,22.27
56923747,9f902aab,0,1/3/26 23:45,21.96,56.82,451.97,23,5,0,0,1,0.333,458.43,22.27
56923747,9f902aab,0,1/4/26 00:00,21.5,49.81,433.32,0,6,0,0,0,0,433.58,22.05
56923747,9f902aab,0,1/4/26 00:15,22.05,54.49,428.2,0,6,0,0,0,0,437.83,21.84
56923747,9f902aab,0,1/4/26 00:30,21.49,52.06,420.36,0,6,0,0,0,0,427.29,21.68
56923747,9f902aab,0,1/4/26 00:45,21.93,51.86,428.98,0,6,0,0,0,0,425.85,21.82
56923747,9f902aab,0,1/4/26 01:00,21.37,59.5,435.2,1,6,0,0,0,0,428.18,21.6
56923747,9f902aab,0,1/4/26 01:15,20.77,58.39,374.05,1,6,0,0,0,0,412.74,21.36
56923747,9f902aab,0,1/4/26 01:30,20.97,60.64,464.45,1,6,0,0,0,0,424.57,21.04
56923747,9f902aab,0,1/4/26 01:45,21.26,56.84,379.81,1,6,0,0,0,0,406.1,21
56923747,9f902aab,1,1/4/26 02:00,21.57,53.4,484.8,2,6,1,0,0,0.333,443.02,21.27
56923747,9f902aab,0,1/4/26 02:15,20.55,57.72,403.74,2,6,0,1,0,0.333,422.78,21.13
56923747,9f902aab,0,1/4/26 02:30,20.17,56.29,425.96,2,6,0,0,1,0.333,438.17,20.76
56923747,9f902aab,0,1/4/26 02:45,20.54,58.49,435.59,2,6,0,0,0,0,421.76,20.42
56923747,9f902aab,0,1/4/26 03:00,19.79,60.25,424.37,3,6,0,0,0,0,428.64,20.17
56923747,9f902aab,0,1/4/26 03:15,20.14,57.84,404.07,3,6,0,0,0,0,421.34,20.16
56923747,9f902aab,0,1/4/26 03:30,20.04,56.14,362.01,3,6,0,0,0,0,396.82,19.99
56923747,9f902aab,0,1/4/26 03:45,19.77,62.53,370.34,3,6,0,0,0,0,378.81,19.98
56923747,9f902aab,0,1/4/26 04:00,19.45,65.56,404.39,4,6,0,0,0,0,378.91,19.75
56923747,9f902aab,0,1/4/26 04:15,19.27,66.04,411.47,4,6,0,0,0,0,395.4,19.5
56923747,9f902aab,0,1/4/26 04:30,19.39,63.15,430.06,4,6,0,0,0,0,415.31,19.37
56923747,9f902aab,2,1/4/26 04:45,19.98,58.15,468.82,4,6,1,0,0,0.333,436.78,19.55
56923747,9f902aab,0,1/4/26 05:00,19,63.16,379.04,5,6,0,1,0,0.333,425.97,19.46
56923747,9f902aab,0,1/4/26 05:15,18.91,59.45,413.28,5,6,0,0,1,0.333,420.38,19.3
56923747,9f902aab,0,1/4/26 05:30,18.55,65.02,356.84,5,6,0,0,0,0,383.05,18.82
56923747,9f902aab,0,1/4/26 05:45,18.92,59.85,426.89,5,6,0,0,0,0,399,18.79
56923747,9f902aab,0,1/4/26 06:00,18.48,64.08,383.41,6,6,0,0,0,0,389.05,18.65
56923747,9f902aab,0,1/4/26 06:15,18.55,62.21,406.12,6,6,0,0,0,0,405.47,18.65
56923747,9f902aab,0,1/4/26 06:30,18.09,61.72,383.9,6,6,0,0,0,0,391.14,18.37
56923747,9f902aab,0,1/4/26 06:45,18.76,59.49,407.3,6,6,0,0,0,0,399.11,18.47
56923747,9f902aab,3,1/4/26 07:00,18.67,64.06,527.15,7,6,1,0,0,0.333,439.45,18.51
56923747,9f902aab,0,1/4/26 07:15,17.46,69.72,404.76,7,6,0,1,0,0.333,446.4,18.3
56923747,9f902aab,0,1/4/26 07:30,17.89,62.1,428.06,7,6,0,0,1,0.333,453.32,18.01
56923747,9f902aab,0,1/4/26 07:45,18.41,61.75,378.89,7,6,0,0,0,0,403.9,17.92
56923747,9f902aab,0,1/4/26 08:00,17.74,68.52,405.86,8,6,0,0,0,0,404.27,18.01
56923747,9f902aab,0,1/4/26 08:15,18.4,65.25,405.6,8,6,0,0,0,0,396.78,18.18
56923747,9f902aab,0,1/4/26 08:30,17.91,66.39,388.91,8,6,0,0,0,0,400.12,18.02
56923747,9f902aab,1,1/4/26 08:45,18.35,66.91,490.55,8,6,1,0,0,0.333,428.35,18.22
56923747,9f902aab,0,1/4/26 09:00,17.9,66.13,400.66,9,6,0,1,0,0.333,426.71,18.05
56923747,9f902aab,4,1/4/26 09:15,18.34,62.15,514.34,9,6,1,0,1,0.667,468.52,18.2
56923747,9f902aab,0,1/4/26 09:30,18.01,59.86,387.22,9,6,0,1,0,0.333,434.07,18.08
56923747,9f902aab,0,1/4/26 09:45,17.86,63.05,366.38,9,6,0,0,1,0.333,422.65,18.07
56923747,9f902aab,2,1/4/26 10:00,18.57,63.49,483.79,10,6,1,0,0,0.333,412.46,18.15
56923747,9f902aab,1,1/4/26 10:15,18.43,58.26,485.15,10,6,1,1,0,0.667,445.11,18.29
56923747,9f902aab,0,1/4/26 10:30,18.83,64.38,414.22,10,6,0,1,1,0.667,461.05,18.61
56923747,9f902aab,5,1/4/26 10:45,18.99,61.71,561.36,10,6,1,0,1,0.667,486.91,18.75
56923747,9f902aab,0,1/4/26 11:00,18.36,70.77,408.26,11,6,0,1,0,0.333,461.28,18.73
56923747,9f902aab,2,1/4/26 11:15,18.78,61.22,498.76,11,6,1,0,1,0.667,489.46,18.71
56923747,9f902aab,2,1/4/26 11:30,19.2,65.54,517.09,11,6,1,1,0,0.667,474.7,18.78
56923747,9f902aab,0,1/4/26 11:45,18.53,61.16,390.07,11,6,0,1,1,0.667,468.64,18.84
56923747,9f902aab,0,1/4/26 12:00,19.62,60.53,390.4,12,6,0,0,1,0.333,432.52,19.12
56923747,9f902aab,1,1/4/26 12:15,19.64,61.77,505.32,12,6,1,0,0,0.333,428.6,19.26
56923747,9f902aab,0,1/4/26 12:30,19.1,65.76,410.87,12,6,0,1,0,0.333,435.53,19.45
56923747,9f902aab,0,1/4/26 12:45,18.92,65.01,425.38,12,6,0,0,1,0.333,447.19,19.22
56923747,9f902aab,0,1/4/26 13:00,20.37,54.41,420.23,13,6,0,0,0,0,418.83,19.46
56923747,9f902aab,3,1/4/26 13:15,19.98,58.43,546.73,13,6,1,0,0,0.333,464.11,19.76
56923747,9f902aab,0,1/4/26 13:30,20.45,59.16,540.16,13,6,1,1,0,0.667,502.37,20.27
56923747,9f902aab,0,1/4/26 13:45,19.93,62.26,391.21,13,6,0,1,1,0.667,492.7,20.12
56923747,9f902aab,2,1/4/26 14:00,21.06,60.32,560.96,14,6,1,0,1,0.667,497.44,20.48
56923747,9f902aab,0,1/4/26 14:15,20.43,56.46,403.72,14,6,0,1,0,0.333,451.96,20.47
56923747,9f902aab,1,1/4/26 14:30,20.84,54.61,532.46,14,6,1,0,1,0.667,499.05,20.78
56923747,9f902aab,0,1/4/26 14:45,20.39,60.43,473.03,14,6,0,1,0,0.333,469.74,20.55
56923747,9f902aab,6,1/4/26 15:00,21.21,55.46,568.89,15,6,1,0,1,0.667,524.79,20.81
56923747,9f902aab,0,1/4/26 15:15,20.98,57.37,394.95,15,6,0,1,0,0.333,478.96,20.86
56923747,9f902aab,4,1/4/26 15:30,21.48,62.04,581.46,15,6,1,0,1,0.667,515.1,21.22
56923747,9f902aab,2,1/4/26 15:45,21.7,56.2,524.23,15,6,1,1,0,0.667,500.21,21.39
56923747,9f902aab,5,1/4/26 16:00,22.17,54.37,587.25,16,6,1,1,1,1,564.31,21.78
56923747,9f902aab,2,1/4/26 16:15,22.72,56.46,534.2,16,6,1,1,1,1,548.56,22.2
56923747,9f902aab,0,1/4/26 16:30,22.46,49.29,455.18,16,6,1,1,1,1,525.54,22.45
56923747,9f902aab,0,1/4/26 16:45,22.1,55.99,441.31,16,6,0,1,1,0.667,476.9,22.43
56923747,9f902aab,1,1/4/26 17:00,23.25,53.22,514.42,17,6,1,0,1,0.667,470.3,22.6
56923747,9f902aab,0,1/4/26 17:15,22.31,53.56,433.22,17,6,0,1,0,0.333,462.98,22.55
56923747,9f902aab,0,1/4/26 17:30,22.63,52.04,441.76,17,6,0,0,1,0.333,463.13,22.73
56923747,9f902aab,1,1/4/26 17:45,23.05,53.32,530.66,17,6,1,0,0,0.333,468.55,22.66
56923747,9f902aab,0,1/4/26 18:00,22.97,57.84,450.46,18,6,0,1,0,0.333,474.29,22.88
56923747,9f902aab,0,1/4/26 18:15,23.09,52.87,490.8,18,6,0,0,1,0.333,490.64,23.04
56923747,9f902aab,0,1/4/26 18:30,22.75,56.73,453.51,18,6,0,0,0,0,464.92,22.94
56923747,9f902aab,0,1/4/26 18:45,22.52,47.84,453.59,18,6,0,0,0,0,465.97,22.79
56923747,9f902aab,0,1/4/26 19:00,22.71,56.36,463.57,19,6,0,0,0,0,456.89,22.66
56923747,9f902aab,0,1/4/26 19:15,23.24,53.24,420.18,19,6,0,0,0,0,445.78,22.82
56923747,9f902aab,0,1/4/26 19:30,23.29,50.86,418.74,19,6,0,0,0,0,434.16,23.08
56923747,9f902aab,0,1/4/26 19:45,23.41,50.35,436.3,19,6,0,0,0,0,425.07,23.31
56923747,9f902aab,0,1/4/26 20:00,22.84,53.11,435.69,20,6,0,0,0,0,430.24,23.18
56923747,9f902aab,0,1/4/26 20:15,22.99,53.56,444.12,20,6,0,0,0,0,438.7,23.08
56923747,9f902aab,0,1/4/26 20:30,23.28,54.34,392.8,20,6,0,0,0,0,424.2,23.04
56923747,9f902aab,0,1/4/26 20:45,23.14,54.05,432.26,20,6,0,0,0,0,423.06,23.14
56923747,9f902aab,0,1/4/26 21:00,23.2,43.27,511.84,21,6,1,0,0,0.333,445.63,23.21
56923747,9f902aab,0,1/4/26 21:15,22.56,51.78,452.61,21,6,0,1,0,0.333,465.57,22.97
56923747,9f902aab,0,1/4/26 21:30,22.39,58.73,419.73,21,6,0,0,1,0.333,461.39,22.72
56923747,9f902aab,0,1/4/26 21:45,22.82,49.95,422.4,21,6,0,0,0,0,431.58,22.59
56923747,9f902aab,0,1/4/26 22:00,22.82,51.82,464.56,22,6,0,0,0,0,435.56,22.68
56923747,9f902aab,0,1/4/26 22:15,22.32,56.87,480.74,22,6,0,0,0,0,455.9,22.65
56923747,9f902aab,0,1/4/26 22:30,23.2,54.15,387.92,22,6,0,0,0,0,444.41,22.78
56923747,9f902aab,0,1/4/26 22:45,22.83,50.07,418.08,22,6,0,0,0,0,428.91,22.78
56923747,9f902aab,0,1/4/26 23:00,22.4,56.7,469.98,23,6,0,0,0,0,425.33,22.81
56923747,9f902aab,0,1/4/26 23:15,22.82,50.75,445.8,23,6,0,0,0,0,444.62,22.68
56923747,9f902aab,0,1/4/26 23:30,22.48,57.03,435.9,23,6,0,0,0,0,450.56,22.57
56923747,9f902aab,0,1/4/26 23:45,21.63,54.66,377.12,23,6,0,0,0,0,419.61,22.31
56923747,9f902aab,0,1/5/26 00:00,22.32,52.55,398.24,0,0,0,0,0,0,403.75,22.14
56923747,9f902aab,0,1/5/26 00:15,22.34,49.16,446.47,0,0,0,0,0,0,407.28,22.1
56923747,9f902aab,0,1/5/26 00:30,22.06,56.66,427.45,0,0,0,0,0,0,424.05,22.24
56923747,9f902aab,0,1/5/26 00:45,21.79,57.47,391.56,0,0,0,0,0,0,421.83,22.06
56923747,9f902aab,0,1/5/26 01:00,20.77,55.43,402.79,1,0,0,0,0,0,407.27,21.54
56923747,9f902aab,0,1/5/26 01:15,21.34,61.25,395.81,1,0,0,0,0,0,396.72,21.3
56923747,9f902aab,0,1/5/26 01:30,20.92,61.21,415.59,1,0,0,0,0,0,404.73,21.01
56923747,9f902aab,0,1/5/26 01:45,20.89,53.08,449.82,1,0,0,0,0,0,420.41,21.05
56923747,9f902aab,0,1/5/26 02:00,20.41,58.87,411.87,2,0,0,0,0,0,425.76,20.74
56923747,9f902aab,0,1/5/26 02:15,20.8,63.02,381.36,2,0,0,0,0,0,414.35,20.7
56923747,9f902aab,0,1/5/26 02:30,20.22,64.65,422.57,2,0,0,0,0,0,405.27,20.48
56923747,9f902aab,0,1/5/26 02:45,20.83,54.39,416.24,2,0,0,0,0,0,406.72,20.62
56923747,9f902aab,0,1/5/26 03:00,19.55,60.24,392.78,3,0,0,0,0,0,410.53,20.2
56923747,9f902aab,0,1/5/26 03:15,20.95,58.22,456.19,3,0,1,0,0,0.333,421.74,20.44
56923747,9f902aab,0,1/5/26 03:30,19.85,63.12,360.14,3,0,0,1,0,0.333,403.04,20.12
56923747,9f902aab,0,1/5/26 03:45,20.26,55.25,395.06,3,0,0,0,1,0.333,403.8,20.35
56923747,9f902aab,0,1/5/26 04:00,19.58,57.98,504.77,4,0,1,0,0,0.333,419.99,19.9
56923747,9f902aab,0,1/5/26 04:15,18.9,61.2,385.5,4,0,0,1,0,0.333,428.44,19.58
56923747,9f902aab,0,1/5/26 04:30,19.2,58.25,394.57,4,0,0,0,1,0.333,428.28,19.23
56923747,9f902aab,0,1/5/26 04:45,19.04,57.01,360.13,4,0,0,0,0,0,380.07,19.05
56923747,9f902aab,0,1/5/26 05:00,18.79,63.55,403.79,5,0,0,0,0,0,386.16,19.01
56923747,9f902aab,0,1/5/26 05:15,19.27,59.31,381.98,5,0,0,0,0,0,381.97,19.03
56923747,9f902aab,0,1/5/26 05:30,18.94,69.16,420.79,5,0,0,0,0,0,402.19,19
56923747,9f902aab,0,1/5/26 05:45,19.15,64.71,394.5,5,0,0,0,0,0,399.09,19.12
56923747,9f902aab,0,1/5/26 06:00,18.31,61.95,394.31,6,0,0,0,0,0,403.2,18.8
56923747,9f902aab,0,1/5/26 06:15,18.21,62.35,412.47,6,0,0,0,0,0,400.43,18.56
56923747,9f902aab,0,1/5/26 06:30,17.58,66.62,401.82,6,0,0,0,0,0,402.87,18.03
56923747,9f902aab,0,1/5/26 06:45,18.59,69.5,369.2,6,0,0,0,0,0,394.5,18.13
56923747,9f902aab,2,1/5/26 07:00,18.55,64.91,501.48,7,0,1,0,0,0.333,424.17,18.24
56923747,9f902aab,5,1/5/26 07:15,18.46,68.06,534.88,7,0,1,1,0,0.667,468.52,18.53
56923747,9f902aab,1,1/5/26 07:30,18.32,55.41,532.35,7,0,1,1,1,1,522.9,18.44
56923747,9f902aab,0,1/5/26 07:45,17.86,65.81,416.61,7,0,0,1,1,0.667,494.61,18.21
56923747,9f902aab,4,1/5/26 08:00,18.58,58.64,517.01,8,0,1,0,1,0.667,488.66,18.25
56923747,9f902aab,2,1/5/26 08:15,18.82,59.93,481.14,8,0,1,1,0,0.667,471.59,18.42
56923747,9f902aab,4,1/5/26 08:30,18.23,61.73,481.21,8,0,1,1,1,1,493.12,18.54
56923747,9f902aab,0,1/5/26 08:45,18.32,69.33,350.33,8,0,0,1,1,0.667,437.56,18.46
56923747,9f902aab,7,1/5/26 09:00,18.38,62.32,519.44,9,0,1,0,1,0.667,450.33,18.31
56923747,9f902aab,4,1/5/26 09:15,18.96,65.23,491.85,9,0,1,1,0,0.667,453.87,18.55
56923747,9f902aab,0,1/5/26 09:30,19.24,56.38,477.98,9,0,1,1,1,1,496.42,18.86
56923747,9f902aab,6,1/5/26 09:45,18.1,65.45,565.64,9,0,1,1,1,1,511.82,18.77
56923747,9f902aab,4,1/5/26 10:00,18.42,64.18,492.66,10,0,1,1,1,1,512.09,18.59
56923747,9f902aab,0,1/5/26 10:15,18.69,70.19,368.01,10,0,0,1,1,0.667,475.44,18.4
56923747,9f902aab,0,1/5/26 10:30,18.64,62.58,416.27,10,0,0,0,1,0.333,425.65,18.58
56923747,9f902aab,7,1/5/26 10:45,19.08,61.76,564.9,10,0,1,0,0,0.333,449.73,18.8
56923747,9f902aab,6,1/5/26 11:00,18.69,63.59,554.13,11,0,1,1,0,0.667,511.77,18.8
56923747,9f902aab,0,1/5/26 11:15,18.84,58.37,383.31,11,0,0,1,1,0.667,500.78,18.87
56923747,9f902aab,11,1/5/26 11:30,19,62.99,657.55,11,0,1,0,1,0.667,531.66,18.84
56923747,9f902aab,11,1/5/26 11:45,19.23,62.13,598.48,11,0,1,1,0,0.667,546.45,19.02
56923747,9f902aab,8,1/5/26 12:00,19.55,62.54,603.43,12,0,1,1,1,1,619.82,19.26
56923747,9f902aab,6,1/5/26 12:15,20.09,61.06,560.99,12,0,1,1,1,1,587.63,19.62
56923747,9f902aab,5,1/5/26 12:30,19.96,55.18,505.34,12,0,1,1,1,1,556.59,19.87
56923747,9f902aab,0,1/5/26 12:45,19.16,56.03,423.63,12,0,0,1,1,0.667,496.65,19.74
56923747,9f902aab,1,1/5/26 13:00,20.22,55.23,507.55,13,0,1,0,1,0.667,478.84,19.78
56923747,9f902aab,2,1/5/26 13:15,20.41,55.99,523.23,13,0,1,1,0,0.667,484.8,19.93
56923747,9f902aab,2,1/5/26 13:30,20.35,62.88,516.56,13,0,1,1,1,1,515.78,20.33
56923747,9f902aab,0,1/5/26 13:45,19.85,61.13,387.12,13,0,0,1,1,0.667,475.64,20.2
56923747,9f902aab,0,1/5/26 14:00,20.34,62.14,422.56,14,0,0,0,1,0.333,442.08,20.18
56923747,9f902aab,7,1/5/26 14:15,20.67,56.15,577.2,14,0,1,0,0,0.333,462.29,20.29
56923747,9f902aab,0,1/5/26 14:30,20.35,60.07,412.87,14,0,0,1,0,0.333,470.88,20.45
56923747,9f902aab,5,1/5/26 14:45,21.29,61.48,566.72,14,0,1,0,1,0.667,518.93,20.77
56923747,9f902aab,4,1/5/26 15:00,21.24,57,512,15,0,1,1,0,0.667,497.2,20.96
56923747,9f902aab,6,1/5/26 15:15,21.19,58.7,577.86,15,0,1,1,1,1,552.19,21.24
56923747,9f902aab,0,1/5/26 15:30,21.2,60.59,404.31,15,0,0,1,1,0.667,498.06,21.21
56923747,9f902aab,0,1/5/26 15:45,21.41,55.88,428.01,15,0,0,0,1,0.333,470.06,21.27
56923747,9f902aab,5,1/5/26 16:00,22.03,58.47,617.83,16,0,1,0,0,0.333,483.38,21.55
56923747,9f902aab,5,1/5/26 16:15,21.72,52.37,604.66,16,0,1,1,0,0.667,550.17,21.72
56923747,9f902aab,3,1/5/26 16:30,22.09,51.59,554.84,16,0,1,1,1,1,592.44,21.95
56923747,9f902aab,0,1/5/26 16:45,22.25,59.02,506.34,16,0,0,1,1,0.667,555.28,22.02
56923747,9f902aab,7,1/5/26 17:00,22.85,48.29,594.07,17,0,1,0,1,0.667,551.75,22.4
56923747,9f902aab,15,1/5/26 17:15,21.8,60.51,655.41,17,0,1,1,0,0.667,585.27,22.3
56923747,9f902aab,9,1/5/26 17:30,22.45,54.06,642.72,17,0,1,1,1,1,630.73,22.37
56923747,9f902aab,0,1/5/26 17:45,21.91,51.68,453.28,17,0,0,1,1,0.667,583.8,22.05
56923747,9f902aab,3,1/5/26 18:00,23.18,55.07,546.26,18,0,1,0,1,0.667,547.42,22.51
56923747,9f902aab,4,1/5/26 18:15,22.95,53.56,615.95,18,0,1,1,0,0.667,538.5,22.68
56923747,9f902aab,0,1/5/26 18:30,22.1,52.55,497.26,18,0,0,1,1,0.667,553.16,22.74
56923747,9f902aab,0,1/5/26 18:45,22.45,59.91,482.27,18,0,0,0,1,0.333,531.83,22.5
56923747,9f902aab,0,1/5/26 19:00,22.94,52.88,452.08,19,0,0,0,0,0,477.2,22.5
56923747,9f902aab,0,1/5/26 19:15,23.41,45.31,457.88,19,0,0,0,0,0,464.08,22.93
56923747,9f902aab,6,1/5/26 19:30,23.08,46.06,580.97,19,0,1,0,0,0.333,496.98,23.14
56923747,9f902aab,0,1/5/26 19:45,22.91,59.91,458.41,19,0,0,1,0,0.333,499.09,23.13
56923747,9f902aab,0,1/5/26 20:00,22.96,51.13,461.81,20,0,0,0,1,0.333,500.4,22.98
56923747,9f902aab,0,1/5/26 20:15,23.06,55.88,440.67,20,0,0,0,0,0,453.63,22.98
56923747,9f902aab,0,1/5/26 20:30,22.83,47.36,465.57,20,0,0,0,0,0,456.02,22.95
56923747,9f902aab,0,1/5/26 20:45,22.92,53.54,471.38,20,0,0,0,0,0,459.21,22.94
56923747,9f902aab,0,1/5/26 21:00,23.56,48.67,465.13,21,0,0,0,0,0,467.36,23.1
56923747,9f902aab,0,1/5/26 21:15,22.71,56.01,496.32,21,0,0,0,0,0,477.61,23.06
56923747,9f902aab,0,1/5/26 21:30,23.26,51.54,451.05,21,0,0,0,0,0,470.83,23.18
56923747,9f902aab,0,1/5/26 21:45,22.97,53.23,415.96,21,0,0,0,0,0,454.44,22.98
56923747,9f902aab,0,1/5/26 22:00,22.92,49.85,442.96,22,0,0,0,0,0,436.66,23.05
56923747,9f902aab,0,1/5/26 22:15,22.75,50.37,420.6,22,0,0,0,0,0,426.51,22.88
56923747,9f902aab,0,1/5/26 22:30,22.67,49.81,512.38,22,0,1,0,0,0.333,458.65,22.78
56923747,9f902aab,0,1/5/26 22:45,23.11,56.17,429.39,22,0,0,1,0,0.333,454.12,22.84
56923747,9f902aab,0,1/5/26 23:00,22.5,50.46,463.28,23,0,0,0,1,0.333,468.35,22.76
56923747,9f902aab,0,1/5/26 23:15,22.5,55.54,413.02,23,0,0,0,0,0,435.23,22.7
56923747,9f902aab,0,1/5/26 23:30,22.03,58.55,415.44,23,0,0,0,0,0,430.58,22.34
56923747,9f902aab,0,1/5/26 23:45,21.94,59.83,389.5,23,0,0,0,0,0,405.99,22.16
56923747,9f902aab,0,1/6/26 00:00,21.18,53.57,377.96,0,1,0,0,0,0,394.3,21.72
56923747,9f902aab,0,1/6/26 00:15,22.05,52.67,461.41,0,1,0,0,0,0,409.62,21.72
56923747,9f902aab,1,1/6/26 00:30,22.53,53.87,442.17,0,1,1,0,0,0.333,427.18,21.92
56923747,9f902aab,0,1/6/26 00:45,22.08,55.96,417.63,0,1,0,1,0,0.333,440.4,22.22
56923747,9f902aab,0,1/6/26 01:00,21.49,49.69,445.23,1,1,0,0,1,0.333,435.01,22.03
56923747,9f902aab,0,1/6/26 01:15,21.17,51.48,415.04,1,1,0,0,0,0,425.97,21.58
56923747,9f902aab,0,1/6/26 01:30,20.97,60.54,394.44,1,1,0,0,0,0,418.24,21.21
56923747,9f902aab,0,1/6/26 01:45,20.86,53.87,410.71,1,1,0,0,0,0,406.73,21
56923747,9f902aab,0,1/6/26 02:00,20.35,58.84,377.3,2,1,0,0,0,0,394.15,20.73
56923747,9f902aab,0,1/6/26 02:15,20.78,50.89,392.6,2,1,0,0,0,0,393.54,20.66
56923747,9f902aab,0,1/6/26 02:30,20.55,49.59,419.28,2,1,0,0,0,0,396.39,20.56
56923747,9f902aab,0,1/6/26 02:45,20.17,57.54,365.71,2,1,0,0,0,0,392.53,20.5
56923747,9f902aab,0,1/6/26 03:00,19,60.77,392.33,3,1,0,0,0,0,392.44,19.91
56923747,9f902aab,0,1/6/26 03:15,19.98,60.18,412.75,3,1,0,0,0,0,390.26,19.72
56923747,9f902aab,0,1/6/26 03:30,19.71,66.69,455.8,3,1,0,0,0,0,420.29,19.56
56923747,9f902aab,0,1/6/26 03:45,19.84,66,409.28,3,1,0,0,0,0,425.94,19.84
56923747,9f902aab,0,1/6/26 04:00,19.66,59.67,365.75,4,1,0,0,0,0,410.28,19.74
56923747,9f902aab,0,1/6/26 04:15,19.7,55.22,416.32,4,1,0,0,0,0,397.12,19.73
56923747,9f902aab,0,1/6/26 04:30,18.79,54.32,408.8,4,1,0,0,0,0,396.96,19.38
56923747,9f902aab,0,1/6/26 04:45,18.92,67.59,409.57,4,1,0,0,0,0,411.56,19.14
56923747,9f902aab,0,1/6/26 05:00,18.46,66.12,383.73,5,1,0,0,0,0,400.7,18.72
56923747,9f902aab,0,1/6/26 05:15,18.81,62.57,377.93,5,1,0,0,0,0,390.41,18.73
56923747,9f902aab,0,1/6/26 05:30,18.7,59.28,337.93,5,1,0,0,0,0,366.53,18.66
56923747,9f902aab,0,1/6/26 05:45,18.4,61.66,396.1,5,1,0,0,0,0,370.65,18.64
56923747,9f902aab,0,1/6/26 06:00,18.52,63.29,420.13,6,1,0,0,0,0,384.72,18.54
56923747,9f902aab,0,1/6/26 06:15,18,61.84,393.16,6,1,0,0,0,0,403.13,18.31
56923747,9f902aab,0,1/6/26 06:30,17.93,63.43,358.99,6,1,0,0,0,0,390.76,18.15
56923747,9f902aab,0,1/6/26 06:45,18.07,66.32,399.59,6,1,0,0,0,0,383.91,18
56923747,9f902aab,0,1/6/26 07:00,18.03,64.85,388.34,7,1,0,0,0,0,382.31,18.01
56923747,9f902aab,0,1/6/26 07:15,18.4,62.61,346.32,7,1,0,0,0,0,378.08,18.17
56923747,9f902aab,0,1/6/26 07:30,18.57,65,374.88,7,1,0,0,0,0,369.85,18.33
56923747,9f902aab,0,1/6/26 07:45,17.99,65.54,414.91,7,1,0,0,0,0,378.7,18.32
56923747,9f902aab,3,1/6/26 08:00,18.38,65.27,521.92,8,1,1,0,0,0.333,437.24,18.31
56923747,9f902aab,0,1/6/26 08:15,18.36,69.26,331.71,8,1,0,1,0,0.333,422.85,18.24
56923747,9f902aab,4,1/6/26 08:30,18.16,64.84,540.37,8,1,1,0,1,0.667,464.67,18.3
56923747,9f902aab,2,1/6/26 08:45,18.46,61.79,458.2,8,1,1,1,0,0.667,443.43,18.33
56923747,9f902aab,0,1/6/26 09:00,18.45,61.17,374.68,9,1,0,1,1,0.667,457.75,18.36
56923747,9f902aab,0,1/6/26 09:15,18.24,65.87,425.59,9,1,0,0,1,0.333,419.49,18.38
56923747,9f902aab,4,1/6/26 09:30,18.74,59.98,456.34,9,1,1,0,0,0.333,418.87,18.48
56923747,9f902aab,0,1/6/26 09:45,17.98,68.8,422.43,9,1,0,1,0,0.333,434.79,18.32
56923747,9f902aab,8,1/6/26 10:00,18.48,67.32,558.19,10,1,1,0,1,0.667,478.99,18.4
56923747,9f902aab,5,1/6/26 10:15,19.09,65.73,542.41,10,1,1,1,0,0.667,507.68,18.52
56923747,9f902aab,5,1/6/26 10:30,19.03,64.95,564.07,10,1,1,1,1,1,554.89,18.87
56923747,9f902aab,9,1/6/26 10:45,18.87,58.63,601.35,10,1,1,1,1,1,569.28,19
56923747,9f902aab,0,1/6/26 11:00,18.25,62.98,402.9,11,1,0,1,1,0.667,522.77,18.72
56923747,9f902aab,8,1/6/26 11:15,19.33,64.27,523.34,11,1,1,0,1,0.667,509.2,18.82
56923747,9f902aab,7,1/6/26 11:30,19.21,66.05,553.38,11,1,1,1,0,0.667,493.21,18.93
56923747,9f902aab,6,1/6/26 11:45,19.45,61.87,575.87,11,1,1,1,1,1,550.86,19.33
56923747,9f902aab,7,1/6/26 12:00,19.89,61.39,584.61,12,1,1,1,1,1,571.29,19.52
56923747,9f902aab,6,1/6/26 12:15,19.9,57.03,602.98,12,1,1,1,1,1,587.82,19.75
56923747,9f902aab,0,1/6/26 12:30,19.08,60.24,398.91,12,1,0,1,1,0.667,528.83,19.62
56923747,9f902aab,6,1/6/26 12:45,19.91,58.88,589.13,12,1,1,0,1,0.667,530.34,19.63
56923747,9f902aab,3,1/6/26 13:00,20.8,60.18,541.18,13,1,1,1,0,0.667,509.74,19.93
56923747,9f902aab,0,1/6/26 13:15,19.53,60.59,412.5,13,1,0,1,1,0.667,514.27,20.08
56923747,9f902aab,7,1/6/26 13:30,20.22,58.41,590,13,1,1,0,1,0.667,514.56,20.18
56923747,9f902aab,0,1/6/26 13:45,20.16,59.76,420.02,13,1,0,1,0,0.333,474.17,19.97
56923747,9f902aab,7,1/6/26 14:00,20.87,56.91,615.02,14,1,1,0,1,0.667,541.68,20.42
56923747,9f902aab,12,1/6/26 14:15,20.03,55.09,629.27,14,1,1,1,0,0.667,554.77,20.35
56923747,9f902aab,6,1/6/26 14:30,21.55,58.29,571.06,14,1,1,1,1,1,605.12,20.82
56923747,9f902aab,5,1/6/26 14:45,21.19,59.11,592.65,14,1,1,1,1,1,597.66,20.92
56923747,9f902aab,0,1/6/26 15:00,20.91,62.14,423.73,15,1,0,1,1,0.667,529.15,21.22
56923747,9f902aab,2,1/6/26 15:15,21.26,56.6,547.29,15,1,1,0,1,0.667,521.22,21.12
56923747,9f902aab,6,1/6/26 15:30,21.63,54.73,612.3,15,1,1,1,0,0.667,527.77,21.27
56923747,9f902aab,5,1/6/26 15:45,21.71,62.89,600.82,15,1,1,1,1,1,586.8,21.53
56923747,9f902aab,6,1/6/26 16:00,22.07,54.93,635.9,16,1,1,1,1,1,616.34,21.8
56923747,9f902aab,0,1/6/26 16:15,21.89,52.02,454.92,16,1,0,1,1,0.667,563.88,21.89
56923747,9f902aab,0,1/6/26 16:30,21.96,45.8,449.2,16,1,0,0,1,0.333,513.34,21.97
56923747,9f902aab,5,1/6/26 16:45,22.76,51.5,583.36,16,1,1,0,0,0.333,495.83,22.2
56923747,9f902aab,7,1/6/26 17:00,22.29,57.37,618.9,17,1,1,1,0,0.667,550.49,22.34
56923747,9f902aab,0,1/6/26 17:15,22.49,46.82,468.54,17,1,0,1,1,0.667,556.93,22.51
56923747,9f902aab,7,1/6/26 17:30,22.76,50.46,585.96,17,1,1,0,1,0.667,557.8,22.51
56923747,9f902aab,7,1/6/26 17:45,23.22,56.24,588.49,17,1,1,1,0,0.667,547.66,22.82
56923747,9f902aab,0,1/6/26 18:00,22.79,56.99,428.14,18,1,0,1,1,0.667,534.2,22.92
56923747,9f902aab,0,1/6/26 18:15,22.61,55.52,445.03,18,1,0,0,1,0.333,487.22,22.87
56923747,9f902aab,1,1/6/26 18:30,22.71,53.38,577.25,18,1,1,0,0,0.333,483.47,22.7
56923747,9f902aab,0,1/6/26 18:45,22.47,53.23,427.95,18,1,0,1,0,0.333,483.41,22.6
56923747,9f902aab,0,1/6/26 19:00,23.06,59.37,443.08,19,1,0,0,1,0.333,482.76,22.75
56923747,9f902aab,0,1/6/26 19:15,23.04,50.97,428.32,19,1,0,0,0,0,433.12,22.86
56923747,9f902aab,0,1/6/26 19:30,22.41,52.37,452.75,19,1,0,0,0,0,441.38,22.84
56923747,9f902aab,2,1/6/26 19:45,23.17,53.84,564.32,19,1,1,0,0,0.333,481.8,22.87
56923747,9f902aab,0,1/6/26 20:00,23.41,51.98,455.75,20,1,0,1,0,0.333,490.94,23
56923747,9f902aab,0,1/6/26 20:15,23.15,49.81,486.22,20,1,0,0,1,0.333,502.1,23.24
56923747,9f902aab,0,1/6/26 20:30,22.49,50.57,445.73,20,1,0,0,0,0,462.57,23.02
56923747,9f902aab,0,1/6/26 20:45,23.18,47.92,409.72,20,1,0,0,0,0,447.22,22.94
56923747,9f902aab,0,1/6/26 21:00,23.1,53.06,420.62,21,1,0,0,0,0,425.36,22.92
56923747,9f902aab,0,1/6/26 21:15,23.31,52.06,462.63,21,1,0,0,0,0,430.99,23.2
56923747,9f902aab,0,1/6/26 21:30,23.22,56.95,448.84,21,1,0,0,0,0,444.03,23.21
56923747,9f902aab,0,1/6/26 21:45,22.76,52.86,419.77,21,1,0,0,0,0,443.75,23.1
56923747,9f902aab,0,1/6/26 22:00,22.59,58.13,463.06,22,1,0,0,0,0,443.89,22.86
56923747,9f902aab,0,1/6/26 22:15,22.72,53.21,465.75,22,1,0,0,0,0,449.53,22.69
56923747,9f902aab,0,1/6/26 22:30,23.05,52.62,416.8,22,1,0,0,0,0,448.54,22.79
56923747,9f902aab,0,1/6/26 22:45,22.26,55.81,423.59,22,1,0,0,0,0,435.38,22.68
56923747,9f902aab,0,1/6/26 23:00,22.47,53.24,454.27,23,1,0,0,0,0,431.55,22.59
56923747,9f902aab,0,1/6/26 23:15,22.23,52.46,421.87,23,1,0,0,0,0,433.24,22.32
56923747,9f902aab,0,1/6/26 23:30,22.7,51.58,460.48,23,1,0,0,0,0,445.54,22.47
56923747,9f902aab,0,1/6/26 23:45,21.59,57.18,372.25,23,1,0,0,0,0,418.2,22.17
56923747,9f902aab,0,1/7/26 00:00,21.71,61.31,444.27,0,2,0,0,0,0,425.67,22
56923747,9f902aab,0,1/7/26 00:15,21.94,54.81,434.17,0,2,0,0,0,0,416.9,21.75
56923747,9f902aab,0,1/7/26 00:30,22.68,51.17,433.04,0,2,0,0,0,0,437.16,22.11
56923747,9f902aab,0,1/7/26 00:45,21.5,59.39,432.19,0,2,0,0,0,0,433.13,22.04
56923747,9f902aab,1,1/7/26 01:00,21.77,57.94,505.47,1,2,1,0,0,0.333,456.9,21.98
56923747,9f902aab,0,1/7/26 01:15,21.2,56.43,372.25,1,2,0,1,0,0.333,436.64,21.49
56923747,9f902aab,0,1/7/26 01:30,21.01,58.94,436.95,1,2,0,0,1,0.333,438.22,21.33
56923747,9f902aab,0,1/7/26 01:45,21.42,63.01,395.07,1,2,0,0,0,0,401.42,21.21
56923747,9f902aab,0,1/7/26 02:00,19.99,64.54,391.99,2,2,0,0,0,0,408,20.81
56923747,9f902aab,0,1/7/26 02:15,19.96,63.47,400.33,2,2,0,0,0,0,395.8,20.46
56923747,9f902aab,1,1/7/26 02:30,20.82,58.34,445.36,2,2,1,0,0,0.333,412.56,20.26
56923747,9f902aab,0,1/7/26 02:45,20.37,61.31,399.88,2,2,0,1,0,0.333,415.19,20.38
56923747,9f902aab,0,1/7/26 03:00,19.94,58.84,358.14,3,2,0,0,1,0.333,401.13,20.38
56923747,9f902aab,0,1/7/26 03:15,20.12,60.3,401.31,3,2,0,0,0,0,386.44,20.14
56923747,9f902aab,0,1/7/26 03:30,20.87,52.63,484.32,3,2,1,0,0,0.333,414.59,20.31
56923747,9f902aab,0,1/7/26 03:45,20.55,56.42,398.12,3,2,0,1,0,0.333,427.92,20.51
56923747,9f902aab,0,1/7/26 04:00,19.17,57.91,436.62,4,2,0,0,1,0.333,439.69,20.2
56923747,9f902aab,0,1/7/26 04:15,18.91,65.14,379.01,4,2,0,0,0,0,404.58,19.54
56923747,9f902aab,0,1/7/26 04:30,19.61,61.73,395.97,4,2,0,0,0,0,403.87,19.23
56923747,9f902aab,0,1/7/26 04:45,19.26,62.58,369.14,4,2,0,0,0,0,381.37,19.26
56923747,9f902aab,0,1/7/26 05:00,18.73,68.2,376.29,5,2,0,0,0,0,380.47,19.2
56923747,9f902aab,0,1/7/26 05:15,18.6,62.52,367.59,5,2,0,0,0,0,371.01,18.86
56923747,9f902aab,0,1/7/26 05:30,18.92,61.89,390.67,5,2,0,0,0,0,378.18,18.75
56923747,9f902aab,0,1/7/26 05:45,18.76,62.08,394.47,5,2,0,0,0,0,384.24,18.76
56923747,9f902aab,0,1/7/26 06:00,18.76,64.53,408.22,6,2,0,0,0,0,397.79,18.81
56923747,9f902aab,0,1/7/26 06:15,18.15,67.73,379.81,6,2,0,0,0,0,394.17,18.56
56923747,9f902aab,0,1/7/26 06:30,18.27,64.01,414.75,6,2,0,0,0,0,400.93,18.39
56923747,9f902aab,0,1/7/26 06:45,17.81,65.89,462.95,6,2,0,0,0,0,419.17,18.08
56923747,9f902aab,0,1/7/26 07:00,17.46,63.7,426.13,7,2,0,0,0,0,434.61,17.85
56923747,9f902aab,5,1/7/26 07:15,18.32,63.83,521.41,7,2,1,0,0,0.333,470.16,17.86
56923747,9f902aab,7,1/7/26 07:30,18.07,66.5,526.24,7,2,1,1,0,0.667,491.26,17.95
56923747,9f902aab,0,1/7/26 07:45,18.32,59.08,421.77,7,2,0,1,1,0.667,489.81,18.24
56923747,9f902aab,3,1/7/26 08:00,18.42,64.83,491.34,8,2,1,0,1,0.667,479.78,18.27
56923747,9f902aab,0,1/7/26 08:15,17.24,65.62,404.42,8,2,0,1,0,0.333,439.18,17.99
56923747,9f902aab,7,1/7/26 08:30,18.55,68.36,536.28,8,2,1,0,1,0.667,477.35,18.07
56923747,9f902aab,2,1/7/26 08:45,18.2,66.34,450.88,8,2,1,1,0,0.667,463.86,18
56923747,9f902aab,0,1/7/26 09:00,17.82,61.43,416.89,9,2,0,1,1,0.667,468.02,18.19
56923747,9f902aab,0,1/7/26 09:15,18.29,67.6,371.46,9,2,0,0,1,0.333,413.08,18.1
56923747,9f902aab,7,1/7/26 09:30,17.86,63.53,571.55,9,2,1,0,0,0.333,453.3,17.99
56923747,9f902aab,0,1/7/26 09:45,17.99,65.87,405.23,9,2,0,1,0,0.333,449.41,18.05
56923747,9f902aab,5,1/7/26 10:00,18.63,61.45,528.49,10,2,1,0,1,0.667,501.76,18.16
56923747,9f902aab,8,1/7/26 10:15,18.8,63.77,594.83,10,2,1,1,0,0.667,509.52,18.47
56923747,9f902aab,7,1/7/26 10:30,18.64,62.57,499.97,10,2,1,1,1,1,541.1,18.69
56923747,9f902aab,0,1/7/26 10:45,18.25,62.48,397.68,10,2,0,1,1,0.667,497.49,18.56
56923747,9f902aab,7,1/7/26 11:00,19.03,59.13,560.54,11,2,1,0,1,0.667,486.06,18.64
56923747,9f902aab,9,1/7/26 11:15,19.69,63.31,582.82,11,2,1,1,0,0.667,513.68,18.99
56923747,9f902aab,5,1/7/26 11:30,18.48,67.08,505.32,11,2,1,1,1,1,549.56,19.07
56923747,9f902aab,6,1/7/26 11:45,19.23,61.32,580.2,11,2,1,1,1,1,556.11,19.13
56923747,9f902aab,8,1/7/26 12:00,19.42,60.94,519.84,12,2,1,1,1,1,535.12,19.04
56923747,9f902aab,3,1/7/26 12:15,19.46,62.59,538.99,12,2,1,1,1,1,546.34,19.37
56923747,9f902aab,6,1/7/26 12:30,19.36,67.59,588.5,12,2,1,1,1,1,549.11,19.41
56923747,9f902aab,6,1/7/26 12:45,20.07,53.92,559.47,12,2,1,1,1,1,562.32,19.63
56923747,9f902aab,0,1/7/26 13:00,19.7,52.89,395.5,13,2,0,1,1,0.667,514.49,19.71
56923747,9f902aab,0,1/7/26 13:15,19.21,62.21,428.68,13,2,0,0,1,0.333,461.22,19.66
56923747,9f902aab,2,1/7/26 13:30,20.38,57.91,579.83,13,2,1,0,0,0.333,468,19.76
56923747,9f902aab,0,1/7/26 13:45,19.18,64.16,441.09,13,2,0,1,0,0.333,483.2,19.59
56923747,9f902aab,0,1/7/26 14:00,20.09,60.67,442.23,14,2,0,0,1,0.333,487.72,19.88
56923747,9f902aab,5,1/7/26 14:15,20.87,59.74,571.47,14,2,1,0,0,0.333,484.93,20.05
56923747,9f902aab,0,1/7/26 14:30,20.37,55.34,397.43,14,2,0,1,0,0.333,470.38,20.44
56923747,9f902aab,5,1/7/26 14:45,20.7,57.59,548.88,14,2,1,0,1,0.667,505.93,20.65
56923747,9f902aab,9,1/7/26 15:00,22.3,59.35,553.35,15,2,1,1,0,0.667,499.89,21.12
56923747,9f902aab,0,1/7/26 15:15,21.27,61.18,422.73,15,2,0,1,1,0.667,508.32,21.42
56923747,9f902aab,9,1/7/26 15:30,21.54,59.42,628.5,15,2,1,0,1,0.667,534.86,21.7
56923747,9f902aab,3,1/7/26 15:45,21.54,52.09,551.61,15,2,1,1,0,0.667,534.28,21.45
56923747,9f902aab,4,1/7/26 16:00,22.52,49.15,589.68,16,2,1,1,1,1,589.93,21.87
56923747,9f902aab,5,1/7/26 16:15,22.26,50.01,593.15,16,2,1,1,1,1,578.15,22.11
56923747,9f902aab,0,1/7/26 16:30,22.04,54.39,465.2,16,2,0,1,1,0.667,549.34,22.27
56923747,9f902aab,6,1/7/26 16:45,22.03,52.13,556.38,16,2,1,0,1,0.667,538.24,22.11
56923747,9f902aab,8,1/7/26 17:00,22.29,57.13,629.63,17,2,1,1,0,0.667,550.4,22.12
56923747,9f902aab,0,1/7/26 17:15,22.34,53.2,462.55,17,2,0,1,1,0.667,549.52,22.22
56923747,9f902aab,7,1/7/26 17:30,22.84,55.94,597.87,17,2,1,0,1,0.667,563.35,22.49
56923747,9f902aab,10,1/7/26 17:45,22.22,50.48,629.48,17,2,1,1,0,0.667,563.3,22.47
56923747,9f902aab,3,1/7/26 18:00,23.22,50.26,522.65,18,2,1,1,1,1,583.33,22.76
56923747,9f902aab,6,1/7/26 18:15,22.54,52.45,571.37,18,2,1,1,1,1,574.5,22.66
56923747,9f902aab,3,1/7/26 18:30,23,53.62,581.29,18,2,1,1,1,1,558.44,22.92
56923747,9f902aab,2,1/7/26 18:45,23.15,53.22,558,18,2,1,1,1,1,570.22,22.9
56923747,9f902aab,2,1/7/26 19:00,23.34,53.36,523.13,19,2,1,1,1,1,554.14,23.16
56923747,9f902aab,0,1/7/26 19:15,22.55,49.52,421.32,19,2,0,1,1,0.667,500.82,23.01
56923747,9f902aab,3,1/7/26 19:30,23.53,52.19,534.16,19,2,1,0,1,0.667,492.87,23.14
56923747,9f902aab,0,1/7/26 19:45,22.9,51.6,454.03,19,2,0,1,0,0.333,469.84,22.99
56923747,9f902aab,0,1/7/26 20:00,22.63,50.72,454.46,20,2,0,0,1,0.333,480.88,23.02
56923747,9f902aab,2,1/7/26 20:15,23.2,50.25,541.33,20,2,1,0,0,0.333,483.27,22.91
56923747,9f902aab,0,1/7/26 20:30,23.85,52.47,425.08,20,2,0,1,0,0.333,473.62,23.23
56923747,9f902aab,0,1/7/26 20:45,22.89,46.21,452.82,20,2,0,0,1,0.333,473.08,23.31
56923747,9f902aab,0,1/7/26 21:00,22.53,53.25,455.99,21,2,0,0,0,0,444.63,23.09
56923747,9f902aab,0,1/7/26 21:15,22.94,58.2,434.67,21,2,0,0,0,0,447.83,22.79
56923747,9f902aab,3,1/7/26 21:30,23.24,53.04,568.6,21,2,1,0,0,0.333,486.42,22.9
56923747,9f902aab,0,1/7/26 21:45,22.81,49.11,449.43,21,2,0,1,0,0.333,484.23,23
56923747,9f902aab,0,1/7/26 22:00,22.41,54.13,414.48,22,2,0,0,1,0.333,477.5,22.82
56923747,9f902aab,0,1/7/26 22:15,22.41,54.07,441.71,22,2,0,0,0,0,435.21,22.54
56923747,9f902aab,0,1/7/26 22:30,22.16,49.3,442.28,22,2,0,0,0,0,432.82,22.33
56923747,9f902aab,0,1/7/26 22:45,22.86,53.39,424.5,22,2,0,0,0,0,436.16,22.48
56923747,9f902aab,0,1/7/26 23:00,22.09,50.4,474.41,23,2,0,0,0,0,447.06,22.37
56923747,9f902aab,0,1/7/26 23:15,22.66,50.58,413.63,23,2,0,0,0,0,437.51,22.54
56923747,9f902aab,0,1/7/26 23:30,21.97,52.36,366.22,23,2,0,0,0,0,418.09,22.24
56923747,9f902aab,0,1/7/26 23:45,21.89,54.27,382.92,23,2,0,0,0,0,387.59,22.17
56923747,9f902aab,0,1/8/26 00:00,21.54,57.15,397.6,0,3,0,0,0,0,382.25,21.8
56923747,9f902aab,0,1/8/26 00:15,22.12,49.85,429.52,0,3,0,0,0,0,403.35,21.85
56923747,9f902aab,0,1/8/26 00:30,22.17,57.53,426.87,0,3,0,0,0,0,418,21.94
56923747,9f902aab,0,1/8/26 00:45,21.5,58.39,414.28,0,3,0,0,0,0,423.56,21.93
56923747,9f902aab,0,1/8/26 01:00,21.03,52.7,439.27,1,3,0,0,0,0,426.81,21.57
56923747,9f902aab,0,1/8/26 01:15,21.47,62.59,411.35,1,3,0,0,0,0,421.63,21.33
56923747,9f902aab,0,1/8/26 01:30,20.94,57.11,339.75,1,3,0,0,0,0,396.79,21.15
56923747,9f902aab,0,1/8/26 01:45,21.12,56.84,414.58,1,3,0,0,0,0,388.56,21.18
56923747,9f902aab,0,1/8/26 02:00,20.96,56.4,497.15,2,3,1,0,0,0.333,417.16,21.01
56923747,9f902aab,0,1/8/26 02:15,20.52,61.68,364.62,2,3,0,1,0,0.333,425.45,20.87
56923747,9f902aab,0,1/8/26 02:30,20.62,60.69,388.05,2,3,0,0,1,0.333,416.61,20.7
56923747,9f902aab,0,1/8/26 02:45,20.58,62.22,365.48,2,3,0,0,0,0,372.72,20.57
56923747,9f902aab,0,1/8/26 03:00,20.08,58.91,388.69,3,3,0,0,0,0,380.74,20.43
56923747,9f902aab,0,1/8/26 03:15,20.06,54.86,361.42,3,3,0,0,0,0,371.86,20.24
56923747,9f902aab,0,1/8/26 03:30,19.86,62.46,385.59,3,3,0,0,0,0,378.57,20
56923747,9f902aab,0,1/8/26 03:45,19.56,58.66,451.42,3,3,0,0,0,0,399.48,19.83
56923747,9f902aab,0,1/8/26 04:00,19.29,59.47,402.17,4,3,0,0,0,0,413.06,19.57
56923747,9f902aab,0,1/8/26 04:15,19.14,63.5,378.05,4,3,0,0,0,0,410.55,19.33
56923747,9f902aab,0,1/8/26 04:30,19.44,64.45,424.33,4,3,0,0,0,0,401.52,19.29
56923747,9f902aab,0,1/8/26 04:45,18.94,67.42,379.79,4,3,0,0,0,0,394.06,19.17
56923747,9f902aab,0,1/8/26 05:00,18.61,66.28,360.44,5,3,0,0,0,0,388.19,19
56923747,9f902aab,0,1/8/26 05:15,18.92,64.09,361.77,5,3,0,0,0,0,367.33,18.82
56923747,9f902aab,0,1/8/26 05:30,18.57,59.27,376.54,5,3,0,0,0,0,366.25,18.7
56923747,9f902aab,0,1/8/26 05:45,18.68,64.75,369.49,5,3,0,0,0,0,369.27,18.72
56923747,9f902aab,0,1/8/26 06:00,18.62,63.21,431.47,6,3,0,0,0,0,392.5,18.62
56923747,9f902aab,0,1/8/26 06:15,18.25,58.48,375.32,6,3,0,0,0,0,392.09,18.52
56923747,9f902aab,0,1/8/26 06:30,18.07,62.98,364.41,6,3,0,0,0,0,390.4,18.31
56923747,9f902aab,0,1/8/26 06:45,18.55,66.48,420.46,6,3,0,0,0,0,386.73,18.29
56923747,9f902aab,0,1/8/26 07:00,17.96,58.38,391.16,7,3,0,0,0,0,392.01,18.19
56923747,9f902aab,8,1/8/26 07:15,18.6,70.46,566.11,7,3,1,0,0,0.333,459.24,18.37
56923747,9f902aab,0,1/8/26 07:30,17.63,63.42,434.45,7,3,0,1,0,0.333,463.91,18.06
56923747,9f902aab,1,1/8/26 07:45,18.87,67.47,489.03,7,3,1,0,1,0.667,496.53,18.37
56923747,9f902aab,0,1/8/26 08:00,17.97,65.86,393.01,8,3,0,1,0,0.333,438.83,18.16
56923747,9f902aab,0,1/8/26 08:15,17.74,70.59,457.56,8,3,0,0,1,0.333,446.53,18.19
56923747,9f902aab,3,1/8/26 08:30,18.47,61.14,530.59,8,3,1,0,0,0.333,460.39,18.06
56923747,9f902aab,0,1/8/26 08:45,18.14,64.04,368.24,8,3,0,1,0,0.333,452.13,18.12
56923747,9f902aab,0,1/8/26 09:00,17.98,66.43,367.97,9,3,0,0,1,0.333,422.27,18.2
56923747,9f902aab,0,1/8/26 09:15,18.47,61.38,362.41,9,3,0,0,0,0,366.21,18.2
56923747,9f902aab,3,1/8/26 09:30,18.5,63.85,509.33,9,3,1,0,0,0.333,413.24,18.32
56923747,9f902aab,1,1/8/26 09:45,18.69,67.26,544.02,9,3,1,1,0,0.667,471.92,18.55
56923747,9f902aab,4,1/8/26 10:00,18.55,64.57,510.85,10,3,1,1,1,1,521.4,18.58
56923747,9f902aab,7,1/8/26 10:15,18.46,62.76,597.78,10,3,1,1,1,1,550.88,18.57
56923747,9f902aab,7,1/8/26 10:30,18.66,67.31,551.38,10,3,1,1,1,1,553.34,18.56
56923747,9f902aab,4,1/8/26 10:45,19.02,60.79,497.57,10,3,1,1,1,1,548.91,18.71
56923747,9f902aab,3,1/8/26 11:00,19.69,67.25,475.7,11,3,1,1,1,1,508.22,19.12
56923747,9f902aab,7,1/8/26 11:15,18.85,64.43,554.04,11,3,1,1,1,1,509.1,19.19
56923747,9f902aab,4,1/8/26 11:30,19.52,63.58,504.27,11,3,1,1,1,1,511.34,19.35
56923747,9f902aab,9,1/8/26 11:45,19.41,57.8,561.23,11,3,1,1,1,1,539.85,19.26
56923747,9f902aab,8,1/8/26 12:00,18.99,60.73,583.49,12,3,1,1,1,1,549.66,19.31
56923747,9f902aab,3,1/8/26 12:15,19.53,63.9,525.41,12,3,1,1,1,1,556.71,19.31
56923747,9f902aab,7,1/8/26 12:30,19.92,61.72,580.91,12,3,1,1,1,1,563.27,19.48
56923747,9f902aab,6,1/8/26 12:45,19.45,65.29,542.71,12,3,1,1,1,1,549.68,19.63
56923747,9f902aab,0,1/8/26 13:00,20.04,59.46,466.41,13,3,0,1,1,0.667,530.01,19.8
56923747,9f902aab,0,1/8/26 13:15,20.15,58.47,460.42,13,3,0,0,1,0.333,489.85,19.88
56923747,9f902aab,0,1/8/26 13:30,20.04,58.29,455.84,13,3,0,0,0,0,460.89,20.08
56923747,9f902aab,2,1/8/26 13:45,20.18,58.25,572.95,13,3,1,0,0,0.333,496.4,20.12
56923747,9f902aab,0,1/8/26 14:00,20.45,61.79,450.6,14,3,0,1,0,0.333,493.13,20.22
56923747,9f902aab,5,1/8/26 14:15,20.42,52.71,559.12,14,3,1,0,1,0.667,527.56,20.35
56923747,9f902aab,7,1/8/26 14:30,20.73,57.41,580.3,14,3,1,1,0,0.667,530.01,20.53
56923747,9f902aab,0,1/8/26 14:45,20.08,62.51,436.81,14,3,0,1,1,0.667,525.41,20.41
56923747,9f902aab,0,1/8/26 15:00,20.72,54.41,452.18,15,3,0,0,1,0.333,489.76,20.51
56923747,9f902aab,8,1/8/26 15:15,22.02,52.32,608.63,15,3,1,0,0,0.333,499.21,20.94
56923747,9f902aab,0,1/8/26 15:30,21.3,57.83,443.29,15,3,0,1,0,0.333,501.37,21.35
56923747,9f902aab,0,1/8/26 15:45,20.95,52.2,449.5,15,3,0,0,1,0.333,500.47,21.42
56923747,9f902aab,0,1/8/26 16:00,22.19,53.82,459.68,16,3,0,0,0,0,450.82,21.48
56923747,9f902aab,7,1/8/26 16:15,21.89,55.68,587.82,16,3,1,0,0,0.333,499,21.68
56923747,9f902aab,5,1/8/26 16:30,22.57,51.27,564.45,16,3,1,1,0,0.667,537.32,22.22
56923747,9f902aab,6,1/8/26 16:45,22.05,56.84,582.5,16,3,1,1,1,1,578.26,22.17
56923747,9f902aab,3,1/8/26 17:00,22.52,62.28,566.43,17,3,1,1,1,1,571.13,22.38
56923747,9f902aab,7,1/8/26 17:15,22.76,57.33,593.28,17,3,1,1,1,1,580.74,22.44
56923747,9f902aab,6,1/8/26 17:30,23.03,54.81,593.37,17,3,1,1,1,1,584.36,22.77
56923747,9f902aab,0,1/8/26 17:45,22.45,57.68,461.26,17,3,0,1,1,0.667,549.3,22.75
56923747,9f902aab,0,1/8/26 18:00,23.09,49.15,482.31,18,3,0,0,1,0.333,512.31,22.86
56923747,9f902aab,0,1/8/26 18:15,23.43,43.32,458.48,18,3,0,0,0,0,467.35,22.99
56923747,9f902aab,0,1/8/26 18:30,22.14,53.62,448.97,18,3,0,0,0,0,463.25,22.89
56923747,9f902aab,0,1/8/26 18:45,22.8,52.32,451.7,18,3,0,0,0,0,453.05,22.79
56923747,9f902aab,3,1/8/26 19:00,23.17,52.33,549.74,19,3,1,0,0,0.333,483.47,22.7
56923747,9f902aab,3,1/8/26 19:15,23.66,50.43,562.02,19,3,1,1,0,0.667,521.15,23.21
56923747,9f902aab,0,1/8/26 19:30,23.32,53.79,447.5,19,3,0,1,1,0.667,519.75,23.38
56923747,9f902aab,4,1/8/26 19:45,23.7,57.18,557.23,19,3,1,0,1,0.667,522.25,23.56
56923747,9f902aab,0,1/8/26 20:00,22.7,51.3,447.1,20,3,0,1,0,0.333,483.94,23.24
56923747,9f902aab,0,1/8/26 20:15,22.85,57.66,448.57,20,3,0,0,1,0.333,484.3,23.08
56923747,9f902aab,0,1/8/26 20:30,23.08,46.2,414.92,20,3,0,0,0,0,436.86,22.88
56923747,9f902aab,0,1/8/26 20:45,22.88,47.49,489.5,20,3,0,0,0,0,451,22.94
56923747,9f902aab,0,1/8/26 21:00,23.04,53.74,441.01,21,3,0,0,0,0,448.48,23
56923747,9f902aab,0,1/8/26 21:15,22.68,55.35,465.28,21,3,0,0,0,0,465.26,22.87
56923747,9f902aab,0,1/8/26 21:30,22.91,46.02,488.23,21,3,0,0,0,0,464.84,22.88
56923747,9f902aab,0,1/8/26 21:45,22.43,55.03,440.23,21,3,0,0,0,0,464.58,22.67
56923747,9f902aab,0,1/8/26 22:00,23.1,52.94,406.62,22,3,0,0,0,0,445.03,22.81
56923747,9f902aab,0,1/8/26 22:15,22.56,51.32,425.16,22,3,0,0,0,0,424,22.7
56923747,9f902aab,0,1/8/26 22:30,22.65,48.63,420.22,22,3,0,0,0,0,417.33,22.77
56923747,9f902aab,0,1/8/26 22:45,22.57,56.9,440.02,22,3,0,0,0,0,428.47,22.59
56923747,9f902aab,0,1/8/26 23:00,22.37,56.03,425.62,23,3,0,0,0,0,428.62,22.53
56923747,9f902aab,0,1/8/26 23:15,22.23,56.92,412.01,23,3,0,0,0,0,425.88,22.39
56923747,9f902aab,0,1/8/26 23:30,22.32,52.03,404.66,23,3,0,0,0,0,414.1,22.31
56923747,9f902aab,0,1/8/26 23:45,22.48,57.75,459.88,23,3,0,0,0,0,425.52,22.34
56923747,9f902aab,0,1/9/26 00:00,21.98,50.32,422.03,0,4,0,0,0,0,428.86,22.26
56923747,9f902aab,0,1/9/26 00:15,21.42,56.51,423.58,0,4,0,0,0,0,435.16,21.96
56923747,9f902aab,0,1/9/26 00:30,21.54,58.47,424.48,0,4,0,0,0,0,423.36,21.65
56923747,9f902aab,0,1/9/26 00:45,22.03,51.53,399.4,0,4,0,0,0,0,415.82,21.66
56923747,9f902aab,0,1/9/26 01:00,20.73,61.83,352.42,1,4,0,0,0,0,392.1,21.43
56923747,9f902aab,0,1/9/26 01:15,21.47,60.63,419.35,1,4,0,0,0,0,390.39,21.41
56923747,9f902aab,0,1/9/26 01:30,21.12,60.3,427.04,1,4,0,0,0,0,399.6,21.11
56923747,9f902aab,0,1/9/26 01:45,21.17,54.66,406.65,1,4,0,0,0,0,417.68,21.25
56923747,9f902aab,0,1/9/26 02:00,20.03,60.38,387.99,2,4,0,0,0,0,407.23,20.77
56923747,9f902aab,0,1/9/26 02:15,20.6,60.97,407.07,2,4,0,0,0,0,400.57,20.6
56923747,9f902aab,0,1/9/26 02:30,20.05,61.85,394.43,2,4,0,0,0,0,396.5,20.23
56923747,9f902aab,0,1/9/26 02:45,20.19,62.2,385.84,2,4,0,0,0,0,395.78,20.28
56923747,9f902aab,0,1/9/26 03:00,19.83,66.62,402.74,3,4,0,0,0,0,394.34,20.02
56923747,9f902aab,0,1/9/26 03:15,19.98,53.69,409.13,3,4,0,0,0,0,399.24,20
56923747,9f902aab,0,1/9/26 03:30,19.66,60.34,369.06,3,4,0,0,0,0,393.64,19.82
56923747,9f902aab,0,1/9/26 03:45,19.46,63.82,394.68,3,4,0,0,0,0,390.96,19.7
56923747,9f902aab,0,1/9/26 04:00,18.85,63.05,387.38,4,4,0,0,0,0,383.71,19.32
56923747,9f902aab,0,1/9/26 04:15,18.91,57.86,376.57,4,4,0,0,0,0,386.21,19.07
56923747,9f902aab,0,1/9/26 04:30,18.98,61.71,424.79,4,4,0,0,0,0,396.25,18.91
56923747,9f902aab,0,1/9/26 04:45,19.75,61.4,381.9,4,4,0,0,0,0,394.42,19.21
56923747,9f902aab,0,1/9/26 05:00,18.6,61,338.35,5,4,0,0,0,0,381.68,19.11
56923747,9f902aab,0,1/9/26 05:15,18.29,73.22,388.24,5,4,0,0,0,0,369.5,18.88
56923747,9f902aab,0,1/9/26 05:30,18.52,59.22,390.71,5,4,0,0,0,0,372.43,18.47
56923747,9f902aab,0,1/9/26 05:45,18.51,62.28,402.56,5,4,0,0,0,0,393.84,18.44
56923747,9f902aab,0,1/9/26 06:00,18.57,61.66,375.87,6,4,0,0,0,0,389.71,18.53
56923747,9f902aab,0,1/9/26 06:15,18.47,61.46,451.52,6,4,0,0,0,0,409.98,18.52
56923747,9f902aab,0,1/9/26 06:30,18.62,63.54,346.86,6,4,0,0,0,0,391.42,18.55
56923747,9f902aab,0,1/9/26 06:45,18.25,67.3,358.76,6,4,0,0,0,0,385.71,18.45
56923747,9f902aab,8,1/9/26 07:00,18.85,61.07,521.16,7,4,1,0,0,0.333,408.93,18.57
56923747,9f902aab,3,1/9/26 07:15,18.55,61.73,498.6,7,4,1,1,0,0.667,459.51,18.55
56923747,9f902aab,4,1/9/26 07:30,18.23,61.18,495.01,7,4,1,1,1,1,504.92,18.54
56923747,9f902aab,3,1/9/26 07:45,18.66,57.01,534.51,7,4,1,1,1,1,509.37,18.48
56923747,9f902aab,4,1/9/26 08:00,18.01,66.26,496.09,8,4,1,1,1,1,508.54,18.3
56923747,9f902aab,6,1/9/26 08:15,18.36,63.35,526.07,8,4,1,1,1,1,518.89,18.34
56923747,9f902aab,0,1/9/26 08:30,18.21,61.42,353.89,8,4,0,1,1,0.667,458.68,18.19
56923747,9f902aab,5,1/9/26 08:45,18.21,67.84,529.82,8,4,1,0,1,0.667,469.93,18.26
56923747,9f902aab,5,1/9/26 09:00,19.07,68.06,557.89,9,4,1,1,0,0.667,480.53,18.5
56923747,9f902aab,3,1/9/26 09:15,18.74,62.32,491.99,9,4,1,1,1,1,526.57,18.67
56923747,9f902aab,0,1/9/26 09:30,17.91,68.06,425.63,9,4,0,1,1,0.667,491.84,18.57
56923747,9f902aab,0,1/9/26 09:45,17.93,64.34,398.7,9,4,0,0,1,0.333,438.77,18.19
56923747,9f902aab,0,1/9/26 10:00,18.38,66.2,399.16,10,4,0,0,0,0,407.83,18.07
56923747,9f902aab,11,1/9/26 10:15,19.14,65.09,659.14,10,4,1,0,0,0.333,485.67,18.48
56923747,9f902aab,7,1/9/26 10:30,18.81,56.12,535.44,10,4,1,1,0,0.667,531.25,18.78
56923747,9f902aab,7,1/9/26 10:45,18.97,68.44,572.17,10,4,1,1,1,1,588.92,18.97
56923747,9f902aab,8,1/9/26 11:00,18.9,59.96,609.26,11,4,1,1,1,1,572.29,18.89
56923747,9f902aab,4,1/9/26 11:15,18.8,68.31,537.22,11,4,1,1,1,1,572.88,18.89
56923747,9f902aab,4,1/9/26 11:30,18.62,62.8,529.05,11,4,1,1,1,1,558.51,18.77
56923747,9f902aab,0,1/9/26 11:45,19,56.71,408.5,11,4,0,1,1,0.667,491.59,18.81
56923747,9f902aab,0,1/9/26 12:00,19.3,56.14,397.07,12,4,0,0,1,0.333,444.87,18.97
56923747,9f902aab,5,1/9/26 12:15,20.02,58.51,548.88,12,4,1,0,0,0.333,451.48,19.44
56923747,9f902aab,9,1/9/26 12:30,19.59,56.06,584.03,12,4,1,1,0,0.667,509.99,19.64
56923747,9f902aab,10,1/9/26 12:45,20.11,58.86,574.24,12,4,1,1,1,1,569.05,19.91
56923747,9f902aab,3,1/9/26 13:00,20.26,57.42,564.29,13,4,1,1,1,1,574.19,19.99
56923747,9f902aab,0,1/9/26 13:15,20.04,60.02,444.94,13,4,0,1,1,0.667,527.82,20.14
56923747,9f902aab,0,1/9/26 13:30,19.25,68.15,417.11,13,4,0,0,1,0.333,475.45,19.85
56923747,9f902aab,0,1/9/26 13:45,19.41,61.9,469.6,13,4,0,0,0,0,443.88,19.57
56923747,9f902aab,10,1/9/26 14:00,21.09,63.35,666.5,14,4,1,0,0,0.333,517.74,19.92
56923747,9f902aab,0,1/9/26 14:15,20.48,63.71,461.97,14,4,0,1,0,0.333,532.69,20.33
56923747,9f902aab,8,1/9/26 14:30,21.09,56.7,586.18,14,4,1,0,1,0.667,571.55,20.89
56923747,9f902aab,6,1/9/26 14:45,20.9,59.9,620.49,14,4,1,1,0,0.667,556.21,20.82
56923747,9f902aab,5,1/9/26 15:00,21.55,57.42,521.07,15,4,1,1,1,1,575.91,21.18
56923747,9f902aab,9,1/9/26 15:15,22.27,51.99,645.42,15,4,1,1,1,1,595.66,21.57
56923747,9f902aab,8,1/9/26 15:30,21.92,51.22,618.81,15,4,1,1,1,1,595.1,21.91
56923747,9f902aab,0,1/9/26 15:45,20.99,57.12,414.38,15,4,0,1,1,0.667,559.54,21.73
56923747,9f902aab,5,1/9/26 16:00,22.3,50.9,614.46,16,4,1,0,1,0.667,549.22,21.74
56923747,9f902aab,8,1/9/26 16:15,22.16,54.8,567.8,16,4,1,1,0,0.667,532.21,21.82
56923747,9f902aab,0,1/9/26 16:30,21.84,54.58,434.38,16,4,0,1,1,0.667,538.88,22.1
56923747,9f902aab,7,1/9/26 16:45,22.16,51.85,599.14,16,4,1,0,1,0.667,533.77,22.05
56923747,9f902aab,0,1/9/26 17:00,22.47,50.24,497.57,17,4,0,1,0,0.333,510.36,22.16
56923747,9f902aab,11,1/9/26 17:15,22.87,56.45,642.62,17,4,1,0,1,0.667,579.78,22.5
56923747,9f902aab,4,1/9/26 17:30,22.94,54.25,580.39,17,4,1,1,0,0.667,573.53,22.76
56923747,9f902aab,9,1/9/26 17:45,22.69,55.72,592.51,17,4,1,1,1,1,605.17,22.83
56923747,9f902aab,0,1/9/26 18:00,22.15,57.78,452.44,18,4,0,1,1,0.667,541.78,22.59
56923747,9f902aab,0,1/9/26 18:15,22.69,55.63,427.21,18,4,0,0,1,0.333,490.72,22.51
56923747,9f902aab,1,1/9/26 18:30,22.16,49.23,553.49,18,4,1,0,0,0.333,477.71,22.33
56923747,9f902aab,0,1/9/26 18:45,22.71,54.6,426.89,18,4,0,1,0,0.333,469.2,22.52
56923747,9f902aab,5,1/9/26 19:00,23.11,54.56,566.88,19,4,1,0,1,0.667,515.75,22.66
56923747,9f902aab,0,1/9/26 19:15,23.22,55.09,425.33,19,4,0,1,0,0.333,473.03,23.01
56923747,9f902aab,0,1/9/26 19:30,23.48,49.91,470.84,19,4,1,0,1,0.667,487.68,23.27
56923747,9f902aab,0,1/9/26 19:45,22.57,50.55,457.97,19,4,0,1,0,0.333,451.38,23.09
56923747,9f902aab,0,1/9/26 20:00,22.58,49.84,477.84,20,4,0,0,1,0.333,468.88,22.88
56923747,9f902aab,0,1/9/26 20:15,23.52,51.28,468.32,20,4,0,0,0,0,468.04,22.89
56923747,9f902aab,0,1/9/26 20:30,23.1,50.56,438.18,20,4,0,0,0,0,461.45,23.07
56923747,9f902aab,0,1/9/26 20:45,23.14,52.22,389.04,20,4,0,0,0,0,431.85,23.25
56923747,9f902aab,0,1/9/26 21:00,22.59,45.2,436.72,21,4,0,0,0,0,421.31,22.94
56923747,9f902aab,0,1/9/26 21:15,23.41,49.47,385.17,21,4,0,0,0,0,403.64,23.05
56923747,9f902aab,0,1/9/26 21:30,22.77,50.68,442.74,21,4,0,0,0,0,421.54,22.92
56923747,9f902aab,0,1/9/26 21:45,22.51,46.6,457.96,21,4,0,0,0,0,428.62,22.9
56923747,9f902aab,0,1/9/26 22:00,22.8,55.93,432.54,22,4,0,0,0,0,444.41,22.69
56923747,9f902aab,0,1/9/26 22:15,22.84,48.44,383.76,22,4,0,0,0,0,424.75,22.72
56923747,9f902aab,0,1/9/26 22:30,22.53,49.81,402.44,22,4,0,0,0,0,406.25,22.72
56923747,9f902aab,0,1/9/26 22:45,22.51,56.11,468.73,22,4,0,0,0,0,418.31,22.63
56923747,9f902aab,0,1/9/26 23:00,21.97,58.62,435.49,23,4,0,0,0,0,435.55,22.34
56923747,9f902aab,0,1/9/26 23:15,22.46,56.42,434.37,23,4,0,0,0,0,446.2,22.31
56923747,9f902aab,0,1/9/26 23:30,22.2,54.07,414.64,23,4,0,0,0,0,428.17,22.21
56923747,9f902aab,0,1/9/26 23:45,22,53.93,397.14,23,4,0,0,0,0,415.38,22.22
56923747,9f902aab,0,1/10/26 00:00,21.76,51.13,403.8,0,5,0,0,0,0,405.19,21.99
56923747,9f902aab,0,1/10/26 00:15,21.53,59.75,436.68,0,5,0,0,0,0,412.54,21.76
56923747,9f902aab,0,1/10/26 00:30,21.5,57.35,414.17,0,5,0,0,0,0,418.22,21.6
56923747,9f902aab,0,1/10/26 00:45,21.99,52.48,435.2,0,5,0,0,0,0,428.68,21.67
56923747,9f902aab,0,1/10/26 01:00,20.95,60.48,369.9,1,5,0,0,0,0,406.42,21.48
56923747,9f902aab,1,1/10/26 01:15,21.29,56.64,493.72,1,5,1,0,0,0.333,432.94,21.41
56923747,9f902aab,0,1/10/26 01:30,21.03,60.72,428.97,1,5,0,1,0,0.333,430.86,21.09
56923747,9f902aab,0,1/10/26 01:45,20.88,55.4,393.94,1,5,0,0,1,0.333,438.88,21.07
56923747,9f902aab,0,1/10/26 02:00,20.65,55.8,382.8,2,5,0,0,0,0,401.9,20.85
56923747,9f902aab,0,1/10/26 02:15,20.21,65.03,394.56,2,5,0,0,0,0,390.43,20.58
56923747,9f902aab,0,1/10/26 02:30,19.95,60.16,385.78,2,5,0,0,0,0,387.71,20.27
56923747,9f902aab,0,1/10/26 02:45,20.89,54.79,378.52,2,5,0,0,0,0,386.29,20.35
56923747,9f902aab,0,1/10/26 03:00,20,59.28,427.52,3,5,0,0,0,0,397.27,20.28
56923747,9f902aab,0,1/10/26 03:15,20.35,57.09,415.36,3,5,0,0,0,0,407.13,20.41
56923747,9f902aab,1,1/10/26 03:30,20.11,55.74,494.64,3,5,1,0,0,0.333,445.84,20.15
56923747,9f902aab,0,1/10/26 03:45,19.85,61.97,378.65,3,5,0,1,0,0.333,429.55,20.1
56923747,9f902aab,2,1/10/26 04:00,19.92,59.5,489.12,4,5,1,0,1,0.667,454.14,19.96
56923747,9f902aab,0,1/10/26 04:15,19.49,64.36,358.8,4,5,0,1,0,0.333,408.86,19.75
56923747,9f902aab,0,1/10/26 04:30,19.51,64.28,410.32,4,5,0,0,1,0.333,419.41,19.64
56923747,9f902aab,0,1/10/26 04:45,19.41,66.19,392.82,4,5,0,0,0,0,387.31,19.47
56923747,9f902aab,0,1/10/26 05:00,18.33,65.9,360.3,5,5,0,0,0,0,387.81,19.08
56923747,9f902aab,0,1/10/26 05:15,18.53,62.77,360.13,5,5,0,0,0,0,371.08,18.76
56923747,9f902aab,0,1/10/26 05:30,18.74,58.52,424.13,5,5,0,0,0,0,381.52,18.53
56923747,9f902aab,0,1/10/26 05:45,18.95,61.42,391.07,5,5,0,0,0,0,391.78,18.74
56923747,9f902aab,0,1/10/26 06:00,18.49,60.61,434.98,6,5,0,0,0,0,416.73,18.73
56923747,9f902aab,0,1/10/26 06:15,18.09,66.81,410.65,6,5,0,0,0,0,412.23,18.51
56923747,9f902aab,0,1/10/26 06:30,18.36,66.53,371.88,6,5,0,0,0,0,405.84,18.31
56923747,9f902aab,0,1/10/26 06:45,18.15,68.58,407.83,6,5,0,0,0,0,396.79,18.2
56923747,9f902aab,0,1/10/26 07:00,18.08,69.43,396.22,7,5,0,0,0,0,391.98,18.2
56923747,9f902aab,0,1/10/26 07:15,17.81,68.59,365.55,7,5,0,0,0,0,389.87,18.01
56923747,9f902aab,0,1/10/26 07:30,18.39,70.68,392.46,7,5,0,0,0,0,384.74,18.09
56923747,9f902aab,1,1/10/26 07:45,18.82,63.52,476.23,7,5,1,0,0,0.333,411.41,18.34
56923747,9f902aab,0,1/10/26 08:00,17.45,67.73,360.93,8,5,0,1,0,0.333,409.87,18.22
56923747,9f902aab,0,1/10/26 08:15,17.75,70.53,345.95,8,5,0,0,1,0.333,394.37,18.01
56923747,9f902aab,0,1/10/26 08:30,17.88,63.73,406.59,8,5,0,0,0,0,371.16,17.69
56923747,9f902aab,3,1/10/26 08:45,18.68,63.13,498.5,8,5,1,0,0,0.333,417.01,18.1
56923747,9f902aab,0,1/10/26 09:00,18,61.99,453.63,9,5,0,1,0,0.333,452.91,18.19
56923747,9f902aab,0,1/10/26 09:15,17.95,65.96,423.44,9,5,0,0,1,0.333,458.52,18.21
56923747,9f902aab,0,1/10/26 09:30,17.82,63.49,390.62,9,5,0,0,0,0,422.56,17.92
56923747,9f902aab,0,1/10/26 09:45,18.25,60.59,422.99,9,5,0,0,0,0,412.35,18.01
56923747,9f902aab,0,1/10/26 10:00,17.81,71.64,408.7,10,5,0,0,0,0,407.44,17.96
56923747,9f902aab,0,1/10/26 10:15,18.03,67.22,434.35,10,5,0,0,0,0,422.01,18.03
56923747,9f902aab,0,1/10/26 10:30,19.15,70.6,396.14,10,5,0,0,0,0,413.06,18.33
56923747,9f902aab,2,1/10/26 10:45,18.85,58.9,499.03,10,5,1,0,0,0.333,443.17,18.68
56923747,9f902aab,1,1/10/26 11:00,19.45,60.75,535.27,11,5,1,1,0,0.667,476.81,19.15
56923747,9f902aab,0,1/10/26 11:15,18.59,60.53,399.34,11,5,0,1,1,0.667,477.88,18.96
56923747,9f902aab,0,1/10/26 11:30,18.94,63.66,426.36,11,5,0,0,1,0.333,453.66,18.99
56923747,9f902aab,1,1/10/26 11:45,19.06,60.28,513.93,11,5,1,0,0,0.333,446.54,18.86
56923747,9f902aab,0,1/10/26 12:00,19.64,62.48,376.34,12,5,0,1,0,0.333,438.88,19.21
56923747,9f902aab,0,1/10/26 12:15,19.1,64.08,453.65,12,5,0,0,1,0.333,447.97,19.27
56923747,9f902aab,0,1/10/26 12:30,19.66,62.93,357.61,12,5,0,0,0,0,395.87,19.47
56923747,9f902aab,1,1/10/26 12:45,20.11,55.39,521.12,12,5,1,0,0,0.333,444.13,19.62
56923747,9f902aab,0,1/10/26 13:00,20.35,54.88,452.21,13,5,0,1,0,0.333,443.65,20.04
56923747,9f902aab,0,1/10/26 13:15,19.83,64.49,480.25,13,5,0,0,1,0.333,484.53,20.1
56923747,9f902aab,0,1/10/26 13:30,19.74,65.13,415.7,13,5,0,0,0,0,449.39,19.97
56923747,9f902aab,0,1/10/26 13:45,19.53,59.95,456.08,13,5,0,0,0,0,450.68,19.7
56923747,9f902aab,0,1/10/26 14:00,20.35,59.68,436.12,14,5,0,0,0,0,435.97,19.87
56923747,9f902aab,0,1/10/26 14:15,20.25,56.6,422.4,14,5,0,0,0,0,438.2,20.04
56923747,9f902aab,1,1/10/26 14:30,21.47,53.94,530.54,14,5,1,0,0,0.333,463.02,20.69
56923747,9f902aab,6,1/10/26 14:45,21.07,55.19,630.25,14,5,1,1,0,0.667,527.73,20.93
56923747,9f902aab,0,1/10/26 15:00,21.73,55.59,428.62,15,5,0,1,1,0.667,529.8,21.42
56923747,9f902aab,0,1/10/26 15:15,21.35,55.69,466.99,15,5,0,0,1,0.333,508.62,21.38
56923747,9f902aab,4,1/10/26 15:30,21.41,58.73,556.29,15,5,1,0,0,0.333,483.97,21.5
56923747,9f902aab,0,1/10/26 15:45,21.11,57.36,412.61,15,5,0,1,0,0.333,478.63,21.29
56923747,9f902aab,0,1/10/26 16:00,21.42,55.47,495.62,16,5,0,0,1,0.333,488.17,21.31
56923747,9f902aab,0,1/10/26 16:15,22.43,53.75,447.72,16,5,0,0,0,0,451.98,21.65
56923747,9f902aab,0,1/10/26 16:30,21.86,58.21,465.71,16,5,0,0,0,0,469.68,21.9
56923747,9f902aab,0,1/10/26 16:45,21.78,52.84,434.07,16,5,0,0,0,0,449.17,22.02
56923747,9f902aab,0,1/10/26 17:00,22.29,54.83,424.19,17,5,0,0,0,0,441.32,21.98
56923747,9f902aab,0,1/10/26 17:15,22.08,54.9,439.92,17,5,0,0,0,0,432.73,22.05
56923747,9f902aab,0,1/10/26 17:30,22.31,58.48,445.87,17,5,0,0,0,0,436.66,22.23
56923747,9f902aab,0,1/10/26 17:45,21.75,49.67,442.3,17,5,0,0,0,0,442.7,22.05
56923747,9f902aab,0,1/10/26 18:00,22.51,55.71,446.32,18,5,0,0,0,0,444.83,22.19
56923747,9f902aab,4,1/10/26 18:15,23.07,52.22,555.39,18,5,1,0,0,0.333,481.34,22.44
56923747,9f902aab,2,1/10/26 18:30,23.05,51.03,576.57,18,5,1,1,0,0.667,526.09,22.88
56923747,9f902aab,1,1/10/26 18:45,22.78,52.34,540.26,18,5,1,1,1,1,557.41,22.97
56923747,9f902aab,0,1/10/26 19:00,22.88,55.45,425.32,19,5,0,1,1,0.667,514.05,22.9
56923747,9f902aab,0,1/10/26 19:15,22.85,48.28,445.92,19,5,0,0,1,0.333,470.5,22.84
56923747,9f902aab,0,1/10/26 19:30,22.47,57.08,448.35,19,5,0,0,0,0,439.86,22.73
56923747,9f902aab,0,1/10/26 19:45,22.75,47.69,423.85,19,5,0,0,0,0,439.37,22.69
56923747,9f902aab,0,1/10/26 20:00,22.77,51.54,376.1,20,5,0,0,0,0,416.1,22.66
56923747,9f902aab,2,1/10/26 20:15,23.62,49.33,577.58,20,5,1,0,0,0.333,459.18,23.05
56923747,9f902aab,0,1/10/26 20:30,22.87,57.63,484.19,20,5,0,1,0,0.333,479.29,23.09
56923747,9f902aab,0,1/10/26 20:45,23.09,48.29,445.31,20,5,0,0,1,0.333,502.36,23.19
56923747,9f902aab,0,1/10/26 21:00,23.11,54.03,430.96,21,5,0,0,0,0,453.49,23.02
56923747,9f902aab,0,1/10/26 21:15,23.09,58.88,443.2,21,5,0,0,0,0,439.82,23.1
56923747,9f902aab,0,1/10/26 21:30,22.67,51.89,423.43,21,5,0,0,0,0,432.53,22.96
56923747,9f902aab,0,1/10/26 21:45,22.77,50.71,416.76,21,5,0,0,0,0,427.8,22.84
56923747,9f902aab,0,1/10/26 22:00,22.43,53.27,401.68,22,5,0,0,0,0,413.96,22.62
56923747,9f902aab,0,1/10/26 22:15,22.8,52.23,441.21,22,5,0,0,0,0,419.88,22.67
56923747,9f902aab,0,1/10/26 22:30,22.65,53.4,388.79,22,5,0,0,0,0,410.56,22.63
56923747,9f902aab,0,1/10/26 22:45,22.9,50.49,473.41,22,5,0,0,0,0,434.47,22.78
56923747,9f902aab,0,1/10/26 23:00,22.19,54.59,417.77,23,5,0,0,0,0,426.66,22.58
56923747,9f902aab,0,1/10/26 23:15,21.95,58.63,414.09,23,5,0,0,0,0,435.09,22.35
56923747,9f902aab,0,1/10/26 23:30,22.39,52.48,470.72,23,5,0,0,0,0,434.19,22.18
56923747,9f902aab,0,1/10/26 23:45,22.21,57.58,446.47,23,5,0,0,0,0,443.76,22.18
56923747,9f902aab,0,1/11/26 00:00,21.93,53.59,410.29,0,6,0,0,0,0,442.49,22.18
56923747,9f902aab,0,1/11/26 00:15,21.98,58.12,404.23,0,6,0,0,0,0,420.33,22.04
56923747,9f902aab,0,1/11/26 00:30,21.78,56,394.41,0,6,0,0,0,0,402.98,21.9
56923747,9f902aab,0,1/11/26 00:45,22.41,58.97,427.68,0,6,0,0,0,0,408.77,22.06
56923747,9f902aab,0,1/11/26 01:00,21.26,61.21,400.24,1,6,0,0,0,0,407.44,21.82
56923747,9f902aab,0,1/11/26 01:15,21.39,56.92,397.45,1,6,0,0,0,0,408.46,21.69
56923747,9f902aab,0,1/11/26 01:30,20.89,58.5,390.96,1,6,0,0,0,0,396.22,21.18
56923747,9f902aab,0,1/11/26 01:45,21.4,55.27,430.69,1,6,0,0,0,0,406.37,21.23
56923747,9f902aab,0,1/11/26 02:00,19.94,60.35,446.57,2,6,0,0,0,0,422.74,20.74
56923747,9f902aab,2,1/11/26 02:15,20.83,58.38,522.81,2,6,1,0,0,0.333,466.69,20.72
56923747,9f902aab,0,1/11/26 02:30,20.42,59.39,400.72,2,6,0,1,0,0.333,456.7,20.4
56923747,9f902aab,0,1/11/26 02:45,20.1,58.17,399.48,2,6,0,0,1,0.333,441,20.45
56923747,9f902aab,0,1/11/26 03:00,20.24,61.24,388.32,3,6,0,0,0,0,396.17,20.25
56923747,9f902aab,0,1/11/26 03:15,19.92,58.52,383.97,3,6,0,0,0,0,390.59,20.09
56923747,9f902aab,0,1/11/26 03:30,19.72,61.82,412.75,3,6,0,0,0,0,395.01,19.96
56923747,9f902aab,0,1/11/26 03:45,19.58,63.4,399.3,3,6,0,0,0,0,398.67,19.74
56923747,9f902aab,0,1/11/26 04:00,18.97,65.55,405.29,4,6,0,0,0,0,405.78,19.42
56923747,9f902aab,0,1/11/26 04:15,19.61,59.22,362.68,4,6,0,0,0,0,389.09,19.39
56923747,9f902aab,0,1/11/26 04:30,19.15,63.62,353.67,4,6,0,0,0,0,373.88,19.24
56923747,9f902aab,0,1/11/26 04:45,19.6,60.67,411.71,4,6,0,0,0,0,376.02,19.45
56923747,9f902aab,0,1/11/26 05:00,19.49,60.82,416.18,5,6,0,0,0,0,393.85,19.41
56923747,9f902aab,0,1/11/26 05:15,18.82,61.03,375.6,5,6,0,0,0,0,401.16,19.3
56923747,9f902aab,0,1/11/26 05:30,18.83,61.13,369.3,5,6,0,0,0,0,387.03,19.05
56923747,9f902aab,0,1/11/26 05:45,18.46,62.65,345.13,5,6,0,0,0,0,363.34,18.7
56923747,9f902aab,1,1/11/26 06:00,18.46,64.33,484.87,6,6,1,0,0,0.333,399.77,18.58
56923747,9f902aab,0,1/11/26 06:15,17.94,70.46,421.21,6,6,0,1,0,0.333,417.07,18.29
56923747,9f902aab,0,1/11/26 06:30,18.04,62.25,374.38,6,6,0,0,1,0.333,426.82,18.15
56923747,9f902aab,0,1/11/26 06:45,18.55,64.63,406.89,6,6,0,0,0,0,400.83,18.18
56923747,9f902aab,0,1/11/26 07:00,18.03,67.89,381.49,7,6,0,0,0,0,387.59,18.21
56923747,9f902aab,0,1/11/26 07:15,17.92,60.59,389.12,7,6,0,0,0,0,392.5,18.17
56923747,9f902aab,0,1/11/26 07:30,18.3,70.89,357.33,7,6,0,0,0,0,375.98,18.08
56923747,9f902aab,0,1/11/26 07:45,18,70.95,409.95,7,6,0,0,0,0,385.47,18.07
56923747,9f902aab,0,1/11/26 08:00,17.78,65.24,395.18,8,6,0,0,0,0,387.49,18.03
56923747,9f902aab,0,1/11/26 08:15,17.81,60.14,420.62,8,6,0,0,0,0,408.58,17.86
56923747,9f902aab,0,1/11/26 08:30,17.92,63.38,378.24,8,6,0,0,0,0,398.01,17.84
56923747,9f902aab,0,1/11/26 08:45,18.2,64.51,408.63,8,6,0,0,0,0,402.5,17.98
56923747,9f902aab,0,1/11/26 09:00,17.9,64.55,403.84,9,6,0,0,0,0,396.9,18.01
56923747,9f902aab,0,1/11/26 09:15,17.77,64.77,380.52,9,6,0,0,0,0,397.66,17.96
56923747,9f902aab,0,1/11/26 09:30,17.65,71.01,427.27,9,6,0,0,0,0,403.88,17.77
56923747,9f902aab,0,1/11/26 09:45,18.34,65.15,414.94,9,6,0,0,0,0,407.58,17.92